t_Myr,rJ_kpc,rJ_arcmin,EJcrit_kms2,L1_x,L1_y,L1_z,L2_x,L2_y,L2_z
0.0,0.04665000949008648,15.229906883345826,-253318.70014047212,2.2863605438265475,0.08602632290085108,-1.206477736016198,2.379594590116155,0.08953433575259451,-1.2556759262976203
1.0,0.046246592215917315,15.09820256885828,-253763.67104906897,2.2492566450126263,-0.09010329381356952,-1.1779133385889986,2.341675705122296,-0.09380552216776819,-1.2263122813616796
2.0,0.04590962641400901,14.98819277803442,-254281.93225049382,2.2022766286152646,-0.26578384535360705,-1.140548847386129,2.29343442019904,-0.2767853099590379,-1.1877590446747923
3.0,0.04564722970088788,14.902527682764076,-254859.4595645136,2.14533537463776,-0.44020913329283967,-1.0943430614471272,2.2347665218607977,-0.4585598342013562,-1.1399622017446265
4.0,0.04546675185160654,14.8436067764426,-255489.76343709102,2.0783884947146607,-0.6125289429931672,-1.0392874971586719,2.1656128812201194,-0.6382351386371875,-1.082903603855271
5.0,0.04537449319917656,14.813486939361104,-256165.47325307326,2.001441312953895,-0.7818500546322881,-0.9754131092783442,2.085969593085182,-0.8148704784692885,-1.0166084178847818
6.0,0.045375494491840786,14.8138138330575,-256877.49268725357,1.9145591812494873,-0.9472396077359839,-0.9027980895242982,1.995899235604904,-0.9874830862011232,-0.9411534699131918
7.0,0.04547344408926728,14.845791602502194,-257614.72534716202,1.8178788479777468,-1.1077315999425799,-0.8215768016780425,1.8955428336070053,-1.1550564539364085,-0.8566764613664954
8.0,0.04567072891504357,14.91019951064439,-258363.85898356515,1.7116203152966674,-1.262337301767791,-0.7319500601118581,1.785131830925354,-1.3165527883790806,-0.7633862132133743
9.0,0.04596857221004944,15.007436910986872,-259109.01697390605,1.5960983152896309,-1.4100602586704278,-0.6341975105323269,1.6649990277133977,-1.4709300405956118,-0.6615746839022064
10.0,0.04636687520092076,15.137471556823707,-259830.88190046203,1.4717323618168083,-1.5499164462689852,-0.5286944915052735,1.535586984632038,-1.6171632722811904,-0.5516331644701621
11.0,0.04686205243316194,15.299132898808828,-260504.22366505925,1.3390547135517321,-1.6809607690673316,-0.4159401862391149,1.3974516285869318,-1.7542683958694953,-0.43407956730376496
12.0,0.04743594513078185,15.486492610871498,-261090.90787204177,1.1987175297991224,-1.8023254081299678,-0.2966158377948396,1.2512569989720068,-1.8813208493961175,-0.3096164307440582
13.0,0.04801726983808502,15.676278663607395,-261521.54934368638,1.0515024876435906,-1.9132874813926517,-0.1717225189346328,1.097756122814865,-1.9974494326785892,-0.17927627257271928
14.0,0.04846152427170866,15.821315154072405,-261666.53774563904,0.8982995457737963,-2.0133293841341606,-0.042904496632958124,0.9377916772286636,-2.1018418063815556,-0.044790716022698705
15.0,0.048746118500709465,15.914227109602466,-261389.91911147858,0.7399992179853142,-2.1019985943616324,0.08706426129703565,0.7723733454901699,-2.193958651690019,0.09087322410110477
16.0,0.04884608350150145,15.946862851166014,-260741.0328873062,0.5775459966512946,-2.1790364775004347,0.21486424427256823,0.6025747531793066,-2.2734680444704054,0.22417568420575917
17.0,0.04883077893238378,15.941866342803003,-259889.86170644604,0.4118808518094433,-2.244276163163732,0.3382165669611349,0.4295097672489809,-2.3403334441214967,0.3526925767902275
18.0,0.0488220652261211,15.939021564496628,-258954.13661341363,0.24394278503330188,-2.29764117508902,0.45586223804799036,0.2542518164781892,-2.3947395792079487,0.47512699369932837
19.0,0.048858493838853725,15.95091447482766,-257994.91822158537,0.0746671527525715,-2.339248421661261,0.5670650202522407,0.07778462208848082,-2.4369156682987336,0.5907408636041525
20.0,0.04894287292627878,15.978461857099008,-257045.97328487944,-0.09505799283094427,-2.3693381039292394,0.6713521585375163,-0.0989820182491983,-2.467145165359529,0.6990657979301139
21.0,0.04906992198538551,16.019939776631336,-256128.1809860947,-0.2644085678649975,-2.3882230457160447,0.7684009069451656,-0.27520798967334975,-2.485766889515705,0.799785236050031
22.0,0.04923342984273244,16.07332046120801,-255255.41119138285,-0.43262734702148525,-2.396261652170051,0.8579853880305958,-0.4501219735450251,-2.4931619127430698,0.8926806841777074
23.0,0.049427716558088274,16.136749571209997,-254437.1540593061,-0.5990217384740165,-2.3938406395629674,0.9399480488781913,-0.623018875931557,-2.489739200816152,0.9776028802192669
24.0,0.04964778946807152,16.20859714344477,-253679.89481839174,-0.7629592920000721,-2.3813628413249823,1.0141820948767661,-0.7932554256655497,-2.4759237015219338,1.0544539634150916
25.0,0.04988924326925363,16.287424971109303,-252987.94792622575,-0.9238621681633526,-2.3592384625143463,1.0806195064534123,-0.9602446705108619,-2.4521473420622595,1.1231752502484695
26.0,0.05014814086285982,16.371947702959602,-252364.0217578223,-1.0812012577480536,-2.327878938272771,1.139222309489823,-1.1234500244204986,-2.4188425894894094,1.183738293167022
27.0,0.05042091986016144,16.46100231996925,-251809.62721923037,-1.2344903675900136,-2.2876927946723224,1.1899759764601017,-1.282379314251683,-2.37643807863612,1.2361380993583273
28.0,0.05070432610407417,16.553526432014007,-251325.38410818757,-1.3832807149778097,-2.239083036240447,1.2328843458870338,-1.4365790992677387,-2.32535584177473,1.2803878951960248
29.0,0.05099536766262529,16.64854325804186,-250911.25473739151,-1.5271558570471186,-2.182445681684513,1.2679656840831923,-1.5856294115107548,-2.26600975004271,1.3165150578384164
30.0,0.05129128302365,16.745151242542185,-250566.72332055288,-1.6657271066379586,-2.118169152527176,1.2952496351756915,-1.7291389823722148,-2.1988048572287036,1.3445579573992388
31.0,0.05158951891008835,16.84251681286845,-250290.93390079314,-1.798629440081974,-2.046634289525718,1.3147748764929208,-1.866740969319499,-2.1241374083689184,1.3645635241406149
32.0,0.051887714686617896,16.939869288445486,-250082.79615910907,-1.925517876323866,-1.968214828964152,1.3265873427758428,-1.998089167114546,-2.0423953351269843,1.3765854014776506
33.0,0.05218369149297101,17.03649733310528,-249941.06609478334,-2.046064293967467,-1.883278216194969,1.330738915811924,-2.122854672711495,-1.953959107273697,1.3806825787045816
34.0,0.0524754450712404,17.13174661340543,-249864.40682719063,-2.1599546485337835,-1.7921866688431116,1.3272865013372304,-2.240722967212774,-1.8592028462890688,1.3769184226329387
35.0,0.05276114185482771,17.225018521781582,-249851.43340032,-2.2668865532192943,-1.6952984287282546,1.31629143520736,-2.3513913783467486,-1.7584956350706185,1.3653600475695438
36.0,0.05303911834618318,17.3157699733971,-249900.74434934038,-2.3665671906761414,-1.5929691615522201,1.2978191775971835,-2.454566890682007,-1.6522029787400347,1.3460779799419338
37.0,0.05330788420361967,17.403514413900382,-250010.9418212037,-2.4587115295342885,-1.4855534782123,1.2719392685952053,-2.5499642768577475,-1.5406883871084525,1.3191460886282527
38.0,0.05356612984897558,17.487824303111353,-250180.641144712,-2.543040826836566,-1.3734065624087812,1.2387255321300217,-2.6373045307322496,-1.4243150606763206,1.2846417657730267
39.0,0.053812739861100654,17.56833548761527,-250408.46982297793,-2.619281405924528,-1.2568858968900039,1.1982565289456242,-2.7163135921958825,-1.3034476699751762,1.2426463568024289
40.0,0.05404681400502475,17.6447540661907,-250693.05483774445,-2.6871637085171582,-1.1363530858266515,1.1506162749926097,-2.78672136342298,-1.178454223175044,1.1932458541550754
41.0,0.05426769854254095,17.716866611828184,-251032.99569035543,-2.746421629874664,-1.0121757737982224,1.0958952617116466,-2.848261027729155,-1.0497080194684614,1.1365318895150027
42.0,0.05447503154706303,17.784554965747734,-251426.81835684448,-2.7967921573231735,-0.8847296628690384,1.0341918437380184,-2.9006686952960847,-0.9175896857992862,1.0726030885800903
43.0,0.054668807266765665,17.8478172501413,-251872.90150975718,-2.838015345611036,-0.7544006281987828,0.965614105942822,-2.943683415215288,-0.782489291712629,1.0015668990506568
44.0,0.05484946561210064,17.906797083312302,-252369.35927635658,-2.869834678912239,-0.6215869293487937,0.8902824021250995,-2.9770476106851764,-0.6448085307660856,0.9235420832973484
45.0,0.05501801111822071,17.96182241753781,-252913.85068919923,-2.8919978925477667,-0.48670150838362397,0.8083329070747571,-3.000508012295365,-0.5049629459497206,0.8386622170540718
46.0,0.055176151497361256,18.013450772497084,-253503.2558522292,-2.904258369740173,-0.350174355585488,0.7199228196692014,-3.013817175192224,-0.3633841596778559,0.7470808318358966
47.0,0.05532638164921777,18.062496662280484,-254133.08993519522,-2.906377332110609,-0.21245490366983788,0.6252384790085015,-3.01673563593237,-0.22052204710251544,0.6489794631075512
48.0,0.055471678511747495,18.10993197281864,-254796.3573697705,-2.8981273631933955,-0.0740143573111906,0.5245090606963925,-3.0090345579257973,-0.07684678104920767,0.5445812732817861
49.0,0.05561344139337507,18.15621353868116,-255481.11029830514,-2.8792989348270472,0.0646523412369276,0.4180318908834297,-2.9904977884215347,0.06714922203689837,0.43417633023632557
50.0,0.05574248981974187,18.1983441949981,-256164.8244104988,-2.849715585678178,0.2030261162102023,0.3062238965580914,-2.9609187025606265,0.21094870927337625,0.3181735282800389
51.0,0.05580889738561573,18.220024384469944,-256801.30399027892,-2.80927256222461,0.34056950940774394,0.1897345876929889,-2.920079074516451,0.35400263798268433,0.19721831433670844
52.0,0.05568733863106864,18.180338893880688,-257298.44471732224,-2.757983118556328,0.47674421455552024,0.06969413866774343,-2.8677302162407083,0.49571506812357086,0.07246744405635702
53.0,0.05531258200088988,18.057991467933178,-257534.9487716066,-2.6958635933284074,0.6110058110733357,-0.051882744996508565,-2.8037524266146163,0.635458348008414,-0.05395909961593805
54.0,0.054692563822028625,17.855573092604757,-257492.22090485992,-2.6229478918712856,0.7427963123203705,-0.17224440919205206,-2.7281941633498543,0.7726011523562799,-0.17915574811215515
55.0,0.05387422744838998,17.588409443422226,-257276.27724835605,-2.539329195940662,0.8715473261143835,-0.2891581225870179,-2.6412420747904144,0.9065258146065848,-0.3007631310131571
56.0,0.05298841163248075,17.299215667481842,-256982.28517033946,-2.4451039396263705,0.9966571088460283,-0.4012800622474108,-2.543241201182037,1.0366591708389767,-0.417385932344641
57.0,0.05209793876832593,17.00850149718556,-256659.9472331739,-2.3405043173045037,1.1175349392709275,-0.50777528495979,-2.434531685239648,1.1624307628497632,-0.528174637866036
58.0,0.05121986904022698,16.721836599531606,-256333.7804586742,-2.225866611771859,1.233609989691865,-0.6080501618611257,-2.315465975868385,1.283267354618835,-0.6325264299148424
59.0,0.05035930219879899,16.440885898661364,-256017.17772451957,-2.101594368366628,1.3443280175851502,-0.7016304913361213,-2.1864394573227846,1.3986009219834017,-0.7299565576540625
60.0,0.04952018899082449,16.16693920150682,-255718.49971816415,-1.968146113528074,1.4491513941788137,-0.7881089089112864,-2.047899685528434,1.5078741684996104,-0.8200448003468616
61.0,0.048707882872312376,15.90174425983504,-255443.6211470595,-1.8260315774808618,1.5475612620604764,-0.8671218728531026,-1.9003480934263974,1.6105444889810503,-0.9024123230760456
62.0,0.047929526512944964,15.647632953003578,-255197.0377336081,-1.6758099132648274,1.6390605170815447,-0.9383396289167808,-1.744339741457254,1.7060875317468038,-0.9767116740078224
63.0,0.04719389339527003,15.40746957458293,-254982.36482288918,-1.5180880944402142,1.7231771010117716,-1.0014622151664716,-1.5804824874775016,1.7940007835814105,-1.0426229536598004
64.0,0.046511067716976155,15.18454632951514,-254802.56271228797,-1.3535189952938642,1.7994673924750175,-1.0562184246296646,-1.4094358255248756,1.8738073264110173,-1.099853118004663
65.0,0.045892035406173703,14.982449812186303,-254660.03308611945,-1.1827990194947027,1.8675195789655918,-1.1023662500574327,-1.2319093627772773,1.9450598255318343,-1.1481369888483497
66.0,0.045348189275527785,14.804899453265895,-254556.65352355308,-1.006665257768911,1.9269569263189485,-1.1396940506078428,-1.0486608251027834,2.007344769968238,-1.187239247854833
67.0,0.04489074779914509,14.65555776682167,-254493.78341381546,-0.8258922038534372,1.977440883901221,-1.1680220263793586,-0.8604934506849197,2.06028695000923,-1.216957006332908
68.0,0.04453010483242209,14.537818052267223,-254472.25886571038,-0.6412880827640262,2.018673990878476,-1.1872037727928035,-0.668252619581569,2.10355411045757,-1.2371226792902081
69.0,0.04427515262076012,14.454583375881146,-254492.3861771434,-0.45369085058492775,2.0504025837083777,-1.1971277991984102,-0.4728215774523242,2.1368616598536354,-1.2476069413770667
70.0,0.044132644053821286,14.408058364883695,-254553.93895956132,-0.26396390661182456,2.0724193400069395,-1.1977189678750226,-0.27511615214909824,2.1599772551500123,-1.2483215528490168
71.0,0.04410667389658945,14.399579844070727,-254656.16133473907,-0.07299151706838937,2.084565714753771,-1.18893984959664,-0.07607843462196583,2.172725034561139,-1.2392218472762837
72.0,0.044198355545109286,14.429511305717387,-254797.7779677685,0.11832610423746337,2.0867343161939114,-1.170792000492411,0.12333050904777021,2.1749892563619393,-1.2203086913096342
73.0,0.04440574719386145,14.497218805317152,-254977.01063600386,0.3090781576045128,2.078871223690036,-1.143317145021567,0.3221387310730995,2.1667171282960687,-1.191629771465898
74.0,0.04472404366160722,14.60113358728726,-255191.60013460502,0.49834917221851893,2.0609781761703228,-1.1065982138135035,0.519372064852889,2.1479206761980145,-1.1532801323061588
75.0,0.045146008196113814,14.738893056982022,-255438.83102456896,0.6852255484788434,2.0331144802020837,-1.060760154548779,0.7140630901125042,2.1186775821602364,-1.1054019738563576
76.0,0.045662584944448005,14.907540734897355,-255715.55427038434,0.8688027217726594,1.995398428842829,-1.005970434394319,0.9052601441436917,2.079130997233485,-1.0481838024011025
77.0,0.04626361636359794,15.103760470920427,-256018.19804309547,1.0481928374306244,1.9480080067258592,-0.9424392068880325,1.0920361617214234,2.0294883829601678,-0.9818591173247799
78.0,0.04693859211387907,15.324120936816636,-256342.7477669564,1.2225327274488325,1.8911806888304545,-0.8704192463792683,1.273497171604384,1.9700194556298414,-0.9067049277994984
79.0,0.04767736941141779,15.565310800913787,-256684.65816048853,1.390991912115078,1.8252122126596781,-0.7902059942023854,1.4487903119258732,1.9010533043928717,-0.8230405790680504
80.0,0.04847080888774323,15.82434631825007,-257038.6209764431,1.5527803386636283,1.7504543072469922,-0.7021384984094144,1.6171112369576226,1.822974737345112,-0.731227738661096
81.0,0.04931120639221792,16.098712301838255,-257398.02206113582,1.7071556643060526,1.667311509885451,-0.606602887426073,1.7777107403961243,1.7362198659922967,-0.6316731922457576
82.0,0.0501920604348563,16.386286199332364,-257753.69682044158,1.8534302814536638,1.5762374836359894,-0.5040418881519292,1.9299001569265788,1.6412707817834917,-0.5248379336281478
83.0,0.051105276087151146,16.684425245838238,-258090.9991865977,1.9909797452864928,1.4777320176014004,-0.39497836968033045,2.0730539185050483,1.538648575828752,-0.411260566024855
84.0,0.05202860665910839,16.98586652714052,-258382.6471843644,2.119259528217998,1.3723421038106287,-0.28007219008916884,2.206602993523825,1.4289020075580945,-0.2916151253891932
85.0,0.05288711842916147,17.266146305410302,-258572.10970801377,2.2378471774240425,1.2606721113082446,-0.16025680932092135,2.3300042600450515,1.312588017404017,-0.16685636632649292
86.0,0.05354247042359133,17.480100170802395,-258552.03686105687,2.346468242398729,1.1433710214906583,-0.03704291014424035,2.4427329682096324,1.1902782397070077,-0.03856260920678887
87.0,0.05396492068155407,17.618018215448995,-258217.00477451342,2.4448596725149816,1.0210481612439017,0.08708990020638178,2.5444531021953267,1.0626414229718777,0.09063758106086213
88.0,0.054137886293699075,17.674486589106007,-257612.05706444028,2.532861652408669,0.8943290078233912,0.2092707433010202,2.634959878427982,0.9303789062019894,0.21770632904588655
89.0,0.054145436688708554,17.676951579235347,-256873.13624258837,2.6103229665397234,0.7638168948635202,0.327535964964594,2.714255701223871,0.794229062131218,0.3405771514317641
90.0,0.05410814333806564,17.6647763564676,-256092.76044618274,2.677128486021621,0.6301144815161199,0.4408063101549471,2.7824663059555794,0.6549077950004354,0.45815085524021404
91.0,0.05406736916797068,17.651464744732042,-255316.27914380547,2.733291062896123,0.49384223741816147,0.5484593399134916,2.8397028898761376,0.5130683840356693,0.5698118263635106
92.0,0.05402916821143904,17.63899321434671,-254566.1125988068,2.778899336492156,0.3556073009872409,0.6500946417606397,2.886083636043203,0.36932334998945837,0.6751692955647466
93.0,0.05399120630805205,17.626599728042677,-253854.37918990044,2.814082082260916,0.21599073318370648,0.745429170147867,2.921747825511081,0.22425445902523855,0.773949015446709
94.0,0.053950155252778284,17.613197721138146,-253188.20895041816,2.8389929727140037,0.07554542375075284,0.8342492306913425,2.946855101997694,0.07841562820060928,0.8659449408394471
95.0,0.053903277846800005,17.597893575741697,-252572.07713612646,2.853802751056116,-0.06520281630214184,0.9163862897266928,2.961581179323847,-0.06766530501376486,0.9509950845904196
96.0,0.05384860608227844,17.580044793031618,-252008.93127148465,2.858694263035026,-0.2057531638119876,0.9917034395036517,2.966113600670164,-0.21348461969337051,1.0289680494269497
97.0,0.05378482484119788,17.559222024222375,-251500.79152141418,2.8538589661542373,-0.3456273286890092,1.060087067985551,2.960648309277028,-0.3585604539182919,1.0997547610936287
98.0,0.05371112568892459,17.535161338302423,-251049.09913334032,2.839494418911271,-0.48436696908856447,1.1214413166766282,2.945387071764138,-0.5024303619832603,1.1632629857916645
99.0,0.05362708591304535,17.507724731640852,-250654.93292721763,2.8158025097705304,-0.6215310880085168,1.175684171215001,2.9205356420305844,-0.644648795098506,1.2194134758706558
100.0,0.05353257769510304,17.47687047513147,-250319.1506146255,2.7829882759806592,-0.7566934723539832,1.222744590340127,2.8863025395495727,-0.7847845820141949,1.2681371483951365
101.0,0.053427701919938536,17.442631504817573,-250042.48396427333,2.7412592052157074,-0.8894402082914415,1.2625603457495147,2.8428983337378217,-0.922418456926691,1.3093729685778845
102.0,0.053312740444169844,17.405099838902238,-249825.60370345655,2.690824940215888,-1.0193672898585389,1.2950763811739094,2.790535348941049,-1.0571406609886207,1.3430663463950558
103.0,0.05318812193849914,17.364415426228966,-249669.16336177773,2.631897327199495,-1.1460783270642,1.3202435729884678,2.7294277258080073,-1.188548629731397,1.3691679290426246
104.0,0.053054397794632585,17.32075828057339,-249573.82759185912,2.5646907657074194,-1.2691823532141688,1.3380178180174342,2.659791793170435,-1.3162447700335713,1.3876327154384815
105.0,0.05291222567633245,17.274343110527617,-249540.2883132662,2.489422831887184,-1.388291727864971,1.348359401691968,2.581846720169301,-1.4398343255770312,1.3984194465786168
106.0,0.052762359101317234,17.225415918285723,-249569.2705968472,2.4063151596734214,-1.5030201310038673,1.351232618810394,2.4958154317649006,-1.5589233281154515,1.4014902446896347
107.0,0.05260564204472236,17.17425223782647,-249661.52917037284,2.3155945753443565,-1.6129806454339306,1.3466056337812586,2.401925782455287,-1.6731166328168565,1.3968104887694974
108.0,0.05244300803270314,17.121156839000367,-249817.83558000097,2.217494490896059,-1.7177839278282776,1.3344505796772244,2.300411993443289,-1.782016039247745,1.3843489265699942
109.0,0.0522754836107045,17.0664648598215,-250038.95525899946,2.112256570848112,-1.8170364746635415,1.3147439071551374,2.1915163679617264,-1.8852185053493515,1.364078034824882
110.0,0.05210419648038489,17.010544462942754,-250325.6129408209,2.00013269562465,-1.9103389976533116,1.2874670064102596,2.075491308167865,-1.9823144704133278,1.3359746516832363
111.0,0.05193038905632388,16.953801261536846,-250678.4439198803,1.8813872525251047,-1.9972849350450663,1.252607138860796,1.9526016649365834,-2.07288631529075,1.3000209189088272
112.0,0.051755438759299006,16.89668494447653,-251097.92750597614,1.7562997922499368,-2.0774591411790464,1.2101587314015185,1.8231274587309205,-2.1565070048907033,1.256205587666045
113.0,0.05158088711122832,16.839698775009275,-251584.29748603652,1.625168094366301,-2.15043681831757,1.1601251065178055,1.6873670148253774,-2.232738980831386,1.2045257623472048
114.0,0.05140848071448914,16.78341296934424,-252137.4222416879,1.4883116878590557,-2.2157827835658126,1.1025207490992561,1.5456405582275792,-2.301133402659976,1.1449891847228728
115.0,0.05124022855014868,16.728483402901794,-252756.64387401115,1.3460758711478569,-2.273051201698172,1.0373742505522827,1.3982943105321537,-2.3612298764203206,1.0776172008810048
116.0,0.05107848159567457,16.675677603241045,-253440.5601955508,1.1988362667802803,-2.3217859642416707,0.9647321330117578,1.2457051191912203,-2.412556861572039,1.002448616247334
117.0,0.050926041589481004,16.625910258603785,-254186.72332697458,1.0470039252515297,-2.361521959349136,0.8846638629492646,1.0882856239620802,-2.4546330123958366,0.9195447513295153
118.0,0.05078630158415907,16.580289104563427,-254991.20792677146,0.8910309543697368,-2.3917875616241298,0.7972685637309296,0.9264899176383619,-2.4869697849555004,0.8289962119994023
119.0,0.05066339444024275,16.540163403034015,-255847.95536889834,0.7314165880010958,-2.412108793725763,0.7026843488541441,0.7608195773627661,-2.509075707471782,0.7309323005316355
120.0,0.050562206941165484,16.50712855040375,-256747.68518546454,0.5687135105707454,-2.4220158410772927,0.6011021199887169,0.5918298157214604,-2.520462697396954,0.6255349139598957
121.0,0.050487618964563094,16.48277768851351,-257675.8595053483,0.4035340924343264,-2.4210532264490863,0.4927879027691738,0.4201353288457475,-2.520654419335797,0.5130610064001658
122.0,0.05044026658774785,16.46731847859085,-258608.3283217296,0.23655579935559853,-2.408797170779691,0.37812354945600724,0.24641533715186817,-2.509194737922607,0.39388356649079104
123.0,0.05039868817379426,16.45374430401314,-259500.94977996117,0.06852337313431708,-2.384891328635346,0.2576910108627832,0.07141831719520633,-2.4856471243864675,0.2685778225785385
124.0,0.050271312771198035,16.412159842574145,-260265.93290814554,-0.09976137382808214,-2.3491185313966647,0.13246305138315148,-0.10402733051019541,-2.44957061532002,0.13812738435589975
125.0,0.0499344359127653,16.302179089276013,-260750.0541532958,-0.26746725944659305,-2.3013928294407786,0.004210723720224731,-0.27899639204626364,-2.400593992040838,0.004392226279496823
126.0,0.049413656804577245,16.132159459887053,-260838.27170691793,-0.43372838869191893,-2.2416175146040582,-0.12411845904568393,-0.4525021914766409,-2.3386452541644673,-0.12949088919510265
127.0,0.04870391050219757,15.900447393497476,-260610.0498924849,-0.59766294010637,-2.1698961528140632,-0.24946896376563124,-0.6235291354055195,-2.2638068738930253,-0.26026570638562674
128.0,0.04793322552609224,15.648840576033225,-260203.84181174307,-0.7583544667164763,-2.086367909148793,-0.36987696088241717,-0.7911037737966475,-2.176467072980149,-0.38584998498322653
129.0,0.04720790339707178,15.412043443381853,-259700.8147826143,-0.9148858145134264,-1.991344042911383,-0.48416985367816706,-0.9543024363671537,-2.077138416236382,-0.5050296590578763
130.0,0.046562214364126955,15.201244261241554,-259141.4954657643,-1.0663893931810873,-1.885335867439796,-0.5915621632505806,-1.112236861026382,-1.966392445939868,-0.6169952999936411
131.0,0.046006788654371376,15.019913497697093,-258549.37752198987,-1.2120621863243368,-1.768987117063237,-0.6914699343040656,-1.2640705230397389,-1.8448925274188195,-0.7211401951022516
132.0,0.04554717292742442,14.86986198002246,-257941.1014315681,-1.3511745001014537,-1.6430359363954596,-0.7834355185460375,-1.409034985365108,-1.7133946181040964,-0.8169840789077472
133.0,0.045187818985191065,14.75254309545631,-257330.23039535587,-1.4830765349943082,-1.5082904259028216,-0.867095930060906,-1.5464408607378963,-1.5727320131087095,-0.9041425339730429
134.0,0.044932358812712764,14.669142584250096,-256728.58412477112,-1.6072017818577606,-1.365607908247932,-0.9421675286969179,-1.6756840416702885,-1.4237959445171418,-0.9823129306094079
135.0,0.044783127939293704,14.620422930575094,-256146.65406457437,-1.723067058006713,-1.215876240641589,-1.0084365990946047,-1.7962479414452852,-1.26751607498736,-1.0512662039382517
136.0,0.04474067789099252,14.606564192069202,-255593.6865572633,-1.8302696717533815,-1.0599974663477856,-1.0657519048958553,-1.9077024437107652,-1.1048425202509529,-1.1108404104251473
137.0,0.04480347049684641,14.62706419947693,-255077.66902404622,-1.9284824928601334,-0.8988742267987786,-1.114017871894433,-2.009700282290944,-0.9367301979819305,-1.1609345897161714
138.0,0.04496779693405017,14.68071212719315,-254605.31248693232,-2.0174477517681066,-0.7333990780963382,-1.1531880762335045,-2.1019715682479982,-0.764125865954516,-1.2015025157211863
139.0,0.0452279081836034,14.765631083337164,-254182.06261848335,-2.0969702903103142,-0.5644465641390379,-1.1832590817213566,-2.1843171313800225,-0.5879579245803437,-1.2325463527108325
140.0,0.045576313772587286,14.87937564064512,-253812.14472376445,-2.166910814802085,-0.39286770052510955,-1.2042647552679218,-2.256601261573863,-0.4091288587331904,-1.2541103895199943
141.0,0.0460041901298949,15.019065153050576,-253498.63716341913,-2.227179516399442,-0.2194864333490081,-1.2162711623573597,-2.318744336096376,-0.22851005966540636,-1.2662750569082013
142.0,0.04650183697034719,15.181532752172725,-253243.56437239604,-2.2777302619315902,-0.045097633206798396,-1.2193720880025534,-2.3707157118028688,-0.04693868690044688,-1.2691514073795742
143.0,0.04705912787484045,15.363472448973246,-253048.00068457786,-2.3185554393277643,0.12953376635774275,-1.2136851797437445,-2.4125271538985826,0.13478380692739253,-1.262876186935179
144.0,0.04766591577497137,15.561571513002349,-252912.1775296077,-2.3496814667598525,0.3036728061063878,-1.199348679747763,-2.4442269726120553,0.3158918662100868,-1.247607573229308
145.0,0.04831237083144345,15.772620780129083,-252835.58817117917,-2.3711649350527995,0.47661396344030893,-1.1765187021389347,-2.465894952683469,0.49565508896147314,-1.2235216059643288
146.0,0.048989243499700234,15.993600536020093,-252817.08550160416,-2.383089336778169,0.6476802293738906,-1.1453670142354029,-2.477638092617589,0.673376857244284,-1.1908092998032096
147.0,0.049688057307007545,16.22174345239717,-252854.96924173366,-2.3855623320994455,0.8162219438485726,-1.1060792917936986,-2.479587122753156,0.8483925965976818,-1.1496744108387673
148.0,0.050401243521752744,16.454578552749368,-252947.05902182142,-2.3787135035887483,0.981615499713022,-1.0588538369071028,-2.4718937419178864,1.0200678673785013,-1.1003318260511805
149.0,0.05112223405712015,16.68996154275182,-253090.7489378762,-2.3626925559558165,1.1432620017734054,-1.0039007748818125,-2.4547284983516082,1.1877964442565272,-1.0430065627487977
150.0,0.05184553059928549,16.926097378663385,-253283.03667204137,-2.337667920512888,1.30058595006439,-0.9414417902234642,-2.4282792374960236,1.3509985021428907,-0.9779334063878304
151.0,0.05256676768239524,17.16156085952102,-253520.514780618,-2.3038257286162356,1.4530340043742809,-0.8717105369100004,-2.39275004298329,1.5091189985585445,-0.90535729276415
152.0,0.053282783990331414,17.39531990514656,-253799.30022762308,-2.261369125634318,1.6000738809617008,-0.7949539957090099,-2.348360603348771,1.6616263227012216,-0.8255346833189274
153.0,0.05399170190447113,17.626761526237292,-254114.85346510552,-2.210517914253354,1.7411934393797555,-0.7114353188990945,-2.2953459386978388,1.8080112645988613,-0.7387364559914968
154.0,0.05469295967315991,17.85570232678788,-254461.58248722897,-2.151508565424927,1.875900064829213,-0.6214392542737863,-2.2339563998026746,1.9477863219139937,-0.6452533917285803
155.0,0.05538702678389448,18.08229558116925,-254831.99386108844,-2.0845947924075845,2.0037206423581697,-0.525282447562175,-2.1644577410510784,2.0804852199822665,-0.5454065528730861
156.0,0.05607371763421502,18.30648069543487,-255214.81727192496,-2.0100494100350663,2.124203143894794,-0.4233337288571763,-2.08713063049543,2.205661922977392,-0.4395676981911832
157.0,0.056745077311678285,18.52566061596997,-255590.68060942538,-1.9281699083627215,2.236923482764513,-0.3160563186222691,-2.002267444354918,2.3228860929873214,-0.3282020296112766
158.0,0.05736149398831255,18.726903202822527,-255922.16535781266,-1.8392937472721536,2.3415082879634674,-0.20410023759040655,-1.9101610568950256,2.431725738587506,-0.2119641444583947
159.0,0.05781560264316669,18.875156817429392,-256136.23645820978,-1.7438172282072366,2.4376744061296804,-0.08850333498944389,-1.8110934461872485,2.5317195342877943,-0.09191778093044949
160.0,0.05802126967462123,18.942301278325857,-256129.89342694232,-1.6421409067108825,2.525174410007292,0.02896613095247679,-1.7054037949633007,2.6224558466156322,0.030082040737113853
161.0,0.057980015562208095,18.92883297901628,-255870.5962919981,-1.5346468809841516,2.6037537600757754,0.14580790257657303,-1.593527211809097,2.7036528864999867,0.15140216510496288
162.0,0.05771552120098168,18.84248306104886,-255445.7005318468,-1.4217432573838231,2.6732062146986686,0.25983293089210846,-1.475945973670887,2.775119859992652,0.2697388337772024
163.0,0.057349775177119526,18.723077342866567,-254950.30882733545,-1.303820822424553,2.73329015126432,0.36971481523669913,-1.353203593179267,2.8368146836421677,0.3837179218380371
164.0,0.05695464401311218,18.594078208668773,-254437.62688922026,-1.1813178943360596,2.783840624483913,0.47468730815402077,-1.2258145532415556,2.8886994497915106,0.4925673380248701
165.0,0.05654854060465273,18.461496947411774,-253933.9698984834,-1.0547056191462862,2.824768305798297,0.5742606027502832,-1.094265924250762,2.93072080476885,0.5958001908987469
166.0,0.05613268065774903,18.325730452676066,-253453.27740203677,-0.9244632621001003,2.856023899125969,0.6680817034484794,-0.9590362389602316,2.962833171299916,0.6930665505710472
167.0,0.0557048490048667,18.18605553499935,-253003.8788136923,-0.7910698161200601,2.8775822177192354,0.7558708332181843,-0.8206016122217928,2.985006581015583,0.7840885996794675
168.0,0.05526296981561269,18.04179449454968,-252591.41672055508,-0.6550021865838228,2.889436022102601,0.8373911909011142,-0.6794371916275782,2.997227087872807,0.8686302590941279
169.0,0.054805828126921106,17.892550680296054,-252220.16673705427,-0.5167353622486811,2.8915931235248573,0.912433446321821,-0.536017786975954,2.9994954093363617,0.9464816855806616
170.0,0.054333099035708654,17.73821802058364,-251893.67251902708,-0.37674326347909187,2.884074694761809,0.9808071516077171,-0.3908186181452709,2.991825458073805,1.0174506960483456
171.0,0.05384524340956742,17.57894697562863,-251615.0684639962,-0.2354999035332879,2.866914183003154,1.0423356417824425,-0.24431633975013603,2.97424316978574,1.0813576777342464
172.0,0.05334340521564079,17.415111018304046,-251387.24899941118,-0.09348074817125451,2.8401566382347356,1.0968528320683282,-0.09699033106160859,2.9467857071978285,1.138032390511862
173.0,0.052829336304054036,17.247282078060145,-251212.95643574352,0.0488357720144454,2.80385839595351,1.144201129326052,0.05067578660471171,2.90950104569127,1.187311879608373
174.0,0.052305347660307214,17.076214626211275,-251094.82176849083,0.19096662093249117,2.7580870955892,1.1842300556677499,0.19819243957421617,2.862447936523045,1.2290390991045088
175.0,0.05177428076288626,16.90283632500713,-251035.37546092586,0.33242240523069616,2.70292203445525,1.2167953726322351,0.34506222676218007,2.805696250607497,1.263062038501924
176.0,0.05123949250187814,16.72824310398772,-251037.03667151133,0.4727055268154389,2.6384548685454754,1.2417585959047954,0.4907779045102512,2.739327716883649,1.2892332478348398
177.0,0.0507048478263001,16.55369675954463,-251102.08483398217,0.6113082563870693,2.564790681296766,1.258986849013363,0.634820256486659,2.663437081249678,1.3074097168711158
178.0,0.050174714846789356,16.38062335608787,-251232.6148534474,0.7477107492358908,2.482049451238763,1.2683530414170527,0.7766558790918023,2.5781337241321505,1.3174531025362421
179.0,0.04965395737859158,16.21061079154285,-251430.47547855938,0.8813790329338772,2.390367959737521,1.2697363828107502,0.9157349235591189,2.4835437866067602,1.3192303265746799
180.0,0.04914791997132038,16.045403909990814,-251697.18918757525,1.0117630100836554,2.2899021907510346,1.2630232670772967,1.0514888533210822,2.379812866029917,1.3126145881802365
181.0,0.04866240052626835,15.886895561996427,-252033.85097487477,1.138294539728039,2.1808302851081045,1.2481085793370175,1.1833283007803692,2.2671093513142093,1.2974868567226363
182.0,0.04820360589218192,15.737112107885876,-252441.0026751489,1.260385690724738,2.0633561210793503,1.2248974997624604,1.3106411433093779,2.14562847348007,1.273737929063875
183.0,0.04777808665048132,15.598192126968206,-252918.47894280788,1.3774273022260786,1.9377135986518037,1.1933078990904327,1.4327909662455862,2.0155971460944997,1.241271154566999
184.0,0.04739264898719131,15.472357646216624,-253465.22081804654,1.4887880435308665,1.804171703055676,1.1532734431367735,1.549116142920822,1.8772796584099884,1.2000059482799137
185.0,0.04705424444421001,15.36187814718026,-254079.05310580775,1.5938142407790903,1.6630404075460623,1.1047475464914898,1.6589298397246874,1.7309842553530421,1.1498822280201904
186.0,0.04676984271331313,15.269029036829224,-254756.42265896287,1.6918308323116198,1.514677437107937,1.0477083381355885,1.761521347370808,1.577070584652337,1.0908659235879776
187.0,0.04654629848662568,15.196048178004684,-255492.0958260681,1.7821439250848405,1.3594958413609604,0.9821648247333842,1.856159243539066,1.4159579015903194,1.0229557177998458
188.0,0.0463902299602524,15.145096224295196,-256278.8133828223,1.8640455411249641,1.1979722019376793,0.9081644683394313,1.9420969952125422,1.2481337834306416,0.9461911987710204
189.0,0.04630793079761957,15.118227878561171,-257106.89562553944,1.9368212450254385,1.0306551132788115,0.8258024623350819,2.0185816865490325,1.0741629059244455,0.8606626612848824
190.0,0.04630532766905574,15.117378030810528,-257963.76597301255,1.9997614015990866,0.8581733199544255,0.7352331767642711,2.0848665615850708,0.8946951658266495,0.7665229781803259
191.0,0.04638792735930992,15.144344490301426,-258833.28286138678,2.0521768132694644,0.6812425799572721,0.6366847843641903,2.1402279016667576,0.7104721035733452,0.6640025027336656
192.0,0.04656038872433421,15.200648241554743,-259694.53782038673,2.09341954775713,0.5006699861609623,0.5304796030969561,2.183986168558992,0.522330235217151,0.5534294915262861
193.0,0.04682403731549812,15.286722039550538,-260519.10579463298,2.122910622033671,0.3173541083364476,0.4170669459584237,2.2155295240521777,0.3311997167007916,0.43526285218356514
194.0,0.047165399335416046,15.398167071045455,-261263.82856163871,2.140180821981594,0.13227834006152225,0.29708710597856425,2.2343319579473153,0.138097547416591,0.310156603761818
195.0,0.04751708701619598,15.512983138369869,-261852.09432766782,2.1449418512523444,-0.05351011082903703,0.17151621791484767,2.239946466416181,-0.05588020188009221,0.1791130822624023
196.0,0.04773888763446121,15.585394758426792,-262144.1565279483,2.137136667466484,-0.23894812898345683,0.04200023731873697,2.2320231993414543,-0.24955716470981096,0.04386500194412008
197.0,0.047818068852103525,15.611245183427426,-261993.5280855604,2.1167699354078677,-0.42298058059958976,-0.08864293086097004,2.2105520640379814,-0.44172046279193,-0.09257019882008909
198.0,0.04773479249380206,15.58405781098359,-261445.8160528319,2.0840660057067337,-0.6045849010292463,-0.21702578992581228,2.175755355053095,-0.6311838648088064,-0.22657392967531592
199.0,0.047561310696139586,15.52742091737446,-260671.44991855382,2.0393550222587846,-0.7827769174491536,-0.3408125312715929,2.1281604865762604,-0.8168636099829919,-0.3556535053807823
200.0,0.04741952125600972,15.481130680913125,-259789.2741704007,1.9830753662957166,-0.9566165322800813,-0.4586909640468146,2.0684951316075635,-0.9978222076011534,-0.47844879835077875
201.0,0.04734782180058257,15.457722839378299,-258862.48480566096,1.915856557828404,-1.1252703412438898,-0.5698746436469125,1.9975096951311577,-1.173228970140643,-0.5941625019069289
202.0,0.04734922274666069,15.458180208595403,-257927.83844572213,1.8384309622036712,-1.2880196806004225,-0.6738472072033942,1.9159887869106185,-1.342357323221151,-0.7022747765002589
203.0,0.04741843928129908,15.480777446813644,-257009.592020967,1.7515760278369992,-1.4442525825599297,-0.7702514313972821,1.824747015963619,-1.504585326837569,-0.8024282010296464
204.0,0.047548832537866924,15.523347152103122,-256124.98929397148,1.6560837049131611,-1.5934537250985426,-0.8588371072340878,1.7246112136353073,-1.659389651960858,-0.8943751462729858
205.0,0.047733852117510606,15.583750804757642,-255286.63266410932,1.552741563245488,-1.7351934188599856,-0.9394323769109558,1.616403493559025,-1.8063358195831816,-0.9779488177204496
206.0,0.047967245759122555,15.65994721860125,-254503.7172211197,1.4423205243672113,-1.8691162903229148,-1.011925353292262,1.5009286173916176,-1.9450670513125636,-1.0530445180254466
207.0,0.048243038999796095,15.749985900702844,-253782.8095417275,1.3255672212411322,-1.9949303672307257,-1.0762509804153089,1.378965676328438,-2.0752930964155434,-1.119606110747037
208.0,0.048555502122957235,15.851996260877257,-253128.41212758957,1.203199765501096,-2.1123970645823738,-1.13238105023454,1.2512633008263827,-2.1967797862597696,-1.1776156307008738
209.0,0.04889913956723967,15.96418415398293,-252543.40320530048,1.0759059851606372,-2.2213223297078253,-1.180316401467905,1.1185375287499948,-2.309339685342122,-1.2270850883350013
210.0,0.04926869780684504,16.084834452636333,-252029.38927081745,0.9443433917989833,-2.321549021436685,-1.2200807653972199,0.9814715741537071,-2.412823970953862,-1.2680499485763
211.0,0.04965918242321393,16.21231662062905,-251586.9895268429,0.8091403076069297,-2.4129504821963934,-1.2517159122099395,0.8407168935480855,-2.5071155331233106,-1.3005639484580733
212.0,0.050065877147195216,16.345090929656777,-251216.06478256563,0.6708977302885302,-2.4954251997536687,-1.275277845046692,0.6968950937964249,-2.592123210636575,-1.3246950068799646
213.0,0.05048436057733137,16.481713917365948,-250915.90061446803,0.5301916339548339,-2.568892430118103,-1.2908338450486843,0.5506003496692101,-2.667777044565942,-1.3405220319059257
214.0,0.050910518633874774,16.62084245323737,-250685.35296052488,0.38757549703366223,-2.633288650524494,-1.2984602107493688,0.40240209666781657,-2.734024421596983,-1.3481324677238298
215.0,0.05134055242913803,16.761236308032682,-250522.96300773008,0.24358291711818483,-2.6885647211771557,-1.2982405669678296,0.25284783837883623,-2.790826984641985,-1.3476204527687063
216.0,0.051770982262012925,16.90175945789167,-250427.04702190554,0.09873022204615406,-2.7346836499698974,-1.2902646449098707,0.10246596141746517,-2.838158200796873,-1.3390854855147591
217.0,0.052198649060536305,17.041380555289173,-250395.76562704044,-0.04648097922993412,-2.7716188717629944,-1.2746274578255552,-0.04823151083148368,-2.8760014924145763,-1.3226315163048021
218.0,0.05262071496475486,17.17917311932391,-250427.17596717644,-0.19156133943920423,-2.7993529708759066,-1.2514288162457392,-0.1987462682863756,-2.9043488535145556,-1.2983664030696147
219.0,0.05303466499833922,17.314316081453157,-250519.26915801232,-0.33603142819348836,-2.817876791239852,-1.2207731444771575,-0.34859119350845197,-2.9231998896616953,-1.2664016866640349
220.0,0.0534383120353635,17.44609540700559,-250669.99440471485,-0.47941950961318214,-2.8271888928045463,-1.1827695768572417,-0.4972879853986567,-2.93256123426975,-1.2268526588346977
221.0,0.05382980763062391,17.573907630973583,-250877.27002314228,-0.6212594480674468,-2.827295325325888,-1.1375323298982516,-0.6443649371884345,-2.93244630787327,-1.1798387140586777
222.0,0.054207661845035136,17.69726633044364,-251138.98016494763,-0.7610887466847893,-2.818209701779917,-1.0851813674090316,-0.7893548776759198,-2.922875399358517,-1.1254839980995124
223.0,0.05457077604241362,17.815812831817244,-251452.95395988083,-0.8984467248873237,-2.7999535636724358,-1.0258434042264948,-0.9317932872593896,-2.9038760596463633,-1.063918395336626
224.0,0.05491849374244074,17.929332812863112,-251816.92035589437,-1.0328728451666114,-2.7725570399330786,-0.9596533380747547,-1.0712166062996797,-2.8754838090552277,-0.9952789414952363
225.0,0.05525067554134761,18.037780762198878,-252228.42570905414,-1.1639052059749093,-2.7360598108842886,-0.886756273383005,-1.2071607627031193,-2.837743169420647,-0.9197118234488595
226.0,0.055567802771847384,18.141313821323152,-252684.68894723445,-1.291079228713267,-2.690512401571448,-0.8073104366891812,-1.3391599579525122,-2.79070903971558,-0.8373752643583203
227.0,0.0558711028076213,18.24033269298134,-253182.34340570774,-1.4139265887605836,-2.6359778525638915,-0.721491548094133,-1.4667457628194318,-2.7344484337925015,-0.7484438580398544
228.0,0.0561626358521563,18.335509975263136,-253716.9565922024,-1.5319744964919126,-2.5725338779323312,-0.6294997626446781,-1.5894465691679789,-2.669042569384265,-0.6531154665556294
229.0,0.056445070690946474,18.42771695104738,-254282.0803038809,-1.6447456118741166,-2.500275813442223,-0.5315715088039358,-1.706787350142442,-2.5945891567922947,-0.5516230111043637
230.0,0.05672005107787253,18.517490259421947,-254867.23069117765,-1.751759516751301,-2.419321321233535,-0.4280014015923221,-1.818289193161134,-2.5112041756401586,-0.44425636951377495
231.0,0.05698101526996942,18.602687677149543,-255453.28746836906,-1.852539027056551,-2.329820056927411,-0.3191864372251366,-1.9234660296318618,-2.419020419653511,-0.33140692862878707
232.0,0.05718846502345314,18.67041414629853,-256001.8454968205,-1.9466312866807334,-2.2319766755666857,-0.20572181928285146,-2.021810066167944,-2.3181754762646554,-0.213666783176833
233.0,0.057231322500480075,18.684405898744238,-256435.83011237826,-2.0336467687926487,-2.1260816037444306,-0.08861058660349229,-2.112766012154538,-2.208797034169823,-0.09205799087915405
234.0,0.05702150684426495,18.615907029360226,-256643.5934771027,-2.1132154442961593,-2.0124457174427386,0.03037128481077568,-2.1958010568095325,-2.091093194051674,0.03155821119146539
235.0,0.05656524608195926,18.466950812622116,-256585.88017724597,-2.1849483827552634,-1.8913702527987224,0.1486544962329584,-2.2704834720545106,-1.965412516107054,0.15447393604690335
236.0,0.05588771016161162,18.24575452370798,-256350.6886815125,-2.2484938196878717,-1.763210765529078,0.26396638218637075,-2.3364506516484744,-1.832184240864801,0.27429224855874873
237.0,0.05511378701736078,17.99309053605517,-256034.99618209357,-2.303461645268566,-1.6283186693032794,0.37490481411643534,-2.3934708255530417,-1.6919462226280528,0.3895544502727993
238.0,0.05431646523702845,17.732787556414713,-255693.00616556505,-2.3495273493479876,-1.4871293801511476,0.48062441843411025,-2.4413184927608342,-1.5452284298365206,0.499401414127497
239.0,0.05351574766805487,17.471375947957956,-255351.79647846374,-2.386436059476941,-1.3401466973422234,0.5805496912485213,-2.479759224892105,-1.3925540230780178,0.6032524720973755
240.0,0.052715400295962604,17.21008519829828,-255026.0806771539,-2.413975180568328,-1.187912173139782,0.674236348759633,-2.5085724651987276,-1.2344633004516892,0.7006578829598149
241.0,0.051916533767469464,16.94927790213347,-254724.97329624745,-2.4319635926428314,-1.0309942731164086,0.7613096045246187,-2.5275609890308184,-1.0715213469998413,0.7912357170116203
242.0,0.0511210915571773,16.689588548878202,-254454.85538371513,-2.4402489951406054,-0.8699853447372909,0.8414359831093142,-2.5365538815357813,-0.9043194802936361,0.8746434127296209
243.0,0.05033256798748177,16.432157935828954,-254220.625510338,-2.4387078986241604,-0.7055007286963415,0.9143099309186513,-2.535407900442135,-0.7334753466430037,0.9505642818525641
244.0,0.049556051788973036,16.17864738940107,-254026.26488067856,-2.4272465433014676,-0.5381784033198648,0.9796473837187678,-2.524008697838983,-0.5596328789579098,1.01870101500203
245.0,0.04879812139364761,15.931204581327972,-253875.09157255953,-2.4058022520720677,-0.3686787089707227,1.0371828643003498,-2.502272306104145,-0.3834623242675534,1.0787727692370594
246.0,0.04806670613242849,15.692418213582592,-253769.86391842001,-2.3743450728731497,-0.19768399484643548,1.0866685206968465,-2.470147011520599,-0.20566030383464154,1.1305142751068988
247.0,0.04737092102230119,15.465264081056441,-253712.80614057757,-2.3328796608823392,-0.025898103925446423,1.127874323467451,-2.427615665479891,-0.02694980107626346,1.173676217532171
248.0,0.04672085655559533,15.253036443713599,-253705.59221785172,-2.2814473753427507,0.14595437174406928,1.1605890171220392,-2.374698457462433,0.151920059689507,1.2080265267102623
249.0,0.046127301376432325,15.059257488305214,-253749.30727473684,-2.220128569938514,0.3171291316124526,1.1846216061168207,-2.311456152036154,0.33017460888573136,1.2333523996628308
250.0,0.04560138100150637,14.887559380936583,-253844.39801476002,-2.149045055650994,0.48686357282417225,1.199803252702473,-2.2379937602333824,0.5070147948737934,1.2494629584406072
251.0,0.045154107120222525,14.7415371263269,-253990.62004307448,-2.0683627153991058,0.6543786405311988,1.20598951872712,-2.1544645693655964,0.6816191306668643,1.2561924800614543
252.0,0.04479584896254474,14.62457598438348,-254186.98818392615,-1.9782942494290003,0.8188812176261558,1.2030629174365963,-2.061074395153313,0.8531466493462153,1.253404126106471
253.0,0.044535759220068465,14.539664049690973,-254431.73506083258,-1.8791020237041771,0.9795671763869497,1.1909357621894507,-1.958085851619516,1.0207410798340577,1.2409940688233663
254.0,0.04438120826433336,14.489207539814423,-254722.28272147622,-1.7711009712736234,1.1356252500110517,1.1695533064837336,-1.8458223682548014,1.183536411771019,1.2188958670276286
255.0,0.04433729604043495,14.474871442387572,-255055.23159004518,-1.6546614493528575,1.2862419159600402,1.1388971592099189,-1.7246716341905044,1.3406639455042169,1.1870849021820786
256.0,0.04440651472916726,14.497469383856469,-255426.3701376794,-1.530211878827506,1.4306074970102158,1.098988926959981,-1.5950881274469093,1.491260828053452,1.1455826567838914
257.0,0.044588623202432336,14.556922642726326,-255830.70679505498,-1.3982408960319082,1.5679236570140764,1.0498939853834954,-1.4575943986422635,1.6344799715472331,1.0944606159111105
258.0,0.044880767576292696,14.652299506718865,-256262.52178022283,-1.2592986511187378,1.697412378339615,0.9917252313996581,-1.3127808183781404,1.7695011498521473,1.0338436078895927
259.0,0.045277847303254015,14.781934791534196,-256715.4288805672,-1.1139968249684646,1.8183263536126648,0.9246466521707241,-1.161303555301515,1.8955429780588502,0.9639124820610708
260.0,0.0457730920061868,14.943618160789232,-257182.4223861555,-0.9630069383099491,1.9299605243784228,0.8488766196752977,-1.0038806184074296,2.0118753953269644,0.8849061746188276
261.0,0.04635878432156631,15.134830113863254,-257655.85494561444,-0.8070566109194656,2.0316642951949935,0.7646910668237552,-0.8412858709242123,2.117832185354968,0.7971234996859269
262.0,0.047027020803028896,15.352990399358855,-258127.23001848217,-0.6469235941016793,2.122853812492777,0.6724272800106975,-0.6743410101524046,2.2128229629807947,0.7009255735773613
263.0,0.047770255267670085,15.595635402279687,-258586.54903847934,-0.48342762104667675,2.203023763123034,0.5724903119654503,-0.5039056177100532,2.2963438617406853,0.5967410047017512
264.0,0.048580739492622496,15.860235547303644,-259020.58869757265,-0.31742032281647087,2.2717588421958217,0.46536690797864094,-0.33086554922526673,2.3679855478726575,0.48507882618670045
265.0,0.04944537030740923,16.14251302037622,-259408.49839733363,-0.1497733364776804,2.3287479151279324,0.3516589055684794,-0.15612037737244547,2.4274347615221075,0.36656138091651363
266.0,0.0503238301685404,16.429305285415907,-259710.63822527725,0.018637179693443032,2.373813031657812,0.23216600930767683,0.019427355961182387,2.4744575901435755,0.2420093479323091
267.0,0.051100406533444324,16.682835474467794,-259844.76166765284,0.18695782762278504,2.4069634125611756,0.10808794051463327,0.1948723070921544,2.508857314273997,0.11266362368857075
268.0,0.05166129161102881,16.865948566988923,-259678.5226265176,0.35438670801362177,2.4283246750771093,-0.018562371928725573,0.36930742387901677,2.53056423905184,-0.019343902023036142
269.0,0.05200918883353293,16.979527157039122,-259156.85188058807,0.5201645064548197,2.4380375356496686,-0.14478346894664557,0.5418687305743211,2.53976633957392,-0.15082465941585688
270.0,0.05213534933429225,17.020714987436655,-258400.71003508184,0.6835892502837676,2.4363843945134747,-0.26786843223163875,0.7117573034721886,2.536778315546618,-0.27890624805959036
271.0,0.052172780402170674,17.032935170981386,-257547.01246829022,0.8439790243425924,2.423608983232361,-0.3862331563283343,0.8782944030810813,2.522150603077006,-0.4019370265176351
272.0,0.05220412156945108,17.0431671744582,-256670.73613602738,1.00070612375494,2.4000710471240625,-0.4990064170901561,1.0408862844477944,2.496438240307471,-0.5190424272129023
273.0,0.05224813720556543,17.05753703304473,-255808.65604599472,1.1532161338867288,2.3662307102240643,-0.6056630939473864,1.198996328980336,2.4601649696984307,-0.6297066134465963
274.0,0.052304431912512106,17.07591566049186,-254980.25476133847,1.3010189596092776,2.322586198064738,-0.7058540372811449,1.3521422912448917,2.413851850712585,-0.7335904586205374
275.0,0.052369052396749015,17.097012418422715,-254196.83218051595,1.4436793646328996,2.2696467660381874,-0.7993305508637571,1.4998929116343518,2.3580215799234185,-0.8304546401812645
276.0,0.052438167566795583,17.11957656397256,-253465.35757075754,1.5808093258072609,2.2079212187112565,-0.8859079725920721,1.6418626238299605,2.2931945467312462,-0.9201231069465768
277.0,0.05250871058983194,17.14260686308411,-252790.2626737108,1.712061434130097,2.137912078808577,-0.9654459511612129,1.7777057768908606,2.2198845071899194,-1.002463352331294
278.0,0.05257834103004387,17.165339229749534,-252174.37964921445,1.8371230331365989,2.060112375311445,-1.0378365222113948,1.9071110575992458,2.13859552136015,-1.0773744990341798
279.0,0.052645292020042964,17.187196831807487,-251619.4863217695,1.955711010597399,1.9750039888054354,-1.1029962289741297,2.0297963758112334,2.049820201945604,-1.1447794362119257
280.0,0.05270822865512922,17.207743860680406,-251126.6507057385,2.067567206790665,1.8830570496268513,-1.160860567410578,2.1455042963301922,1.9540390159700938,-1.2046192871697396
281.0,0.05276613828176057,17.226649713667044,-250696.46210824937,2.1724544005741246,1.7847300815548897,-1.2113798970092684,2.2539980220442524,1.8517203733456866,-1.2568493456440202
282.0,0.05281824965129337,17.24366259992845,-250329.19239811084,2.2701528259133825,1.6804706800422708,-1.2545163503701617,2.3550578974508305,1.7433212871366044,-1.3014360111336265
283.0,0.05286397425414728,17.25859038775432,-250024.9112374758,2.360457166787368,1.5707165746355256,-1.2902414669079505,2.4484783868927353,1.6292884442226836,-1.3383544467771622
284.0,0.05290286401235555,17.271286792378923,-249783.5693284024,2.4431739784573274,1.4558969685619334,-1.3185343777778866,2.5340654779583183,1.5100595700624195,-1.3675867857506951
285.0,0.05293458101972834,17.28164149700141,-249605.05849940339,2.5181194867497236,1.3364340807617316,-1.3393804274613543,2.6116344625629404,1.3860650062980358,-1.3891207709747653
286.0,0.0529588763140185,17.289573222499154,-249489.2544014912,2.5851177229422904,1.2127448399425897,-1.3527701537016914,2.681008053513703,1.2577294464728148,-1.4029487494671318
287.0,0.0529755756403845,17.295025079601626,-249436.0456349189,2.6439989590926074,1.0852426984547061,-1.35869857190545,2.742014801361131,1.1254737949114566,-1.4090669672697418
288.0,0.05298457088477915,17.297961772134403,-249445.35175771755,2.6945984166370804,0.9543395473330336,-1.357164727942598,2.794487784270455,0.9897171283863133,-1.4074751287843295
289.0,0.05298581640319226,17.298368398620884,-249517.13151623093,2.736755229556306,0.8204477237732063,-1.348171497347865,2.838263552154884,0.8508787507501939,-1.3981761984599852
290.0,0.05297932991914566,17.296250745288976,-249651.38149153182,2.7703116523232785,0.6839821093466771,-1.3317256209641217,2.873181315345125,0.709380338113631,-1.381176434828782
291.0,0.05296519806582548,17.29163709542035,-249848.12375603698,2.7951125123642107,0.5453623218978753,-1.3078379782641045,2.8990823777607564,0.5656481769213318,-1.3564856580834745
292.0,0.05294358706281897,17.284581715002584,-250107.37871783896,2.811004917132605,0.405015006528503,-1.2765241109292595,2.9158098251794797,0.42011549968599027,-1.3241177637365371
293.0,0.05291475949420143,17.2751703302994,-250429.1183666224,2.817838237484858,0.26337623133419674,-1.2378050217910341,2.9232084911592007,0.2732249231215037,-1.284091507441791
294.0,0.052879098757266034,17.26352810966849,-250813.208554983,2.8154644022815374,0.12089399131590889,-1.1917082892995519,2.9211252369311884,0.12543099061741497,-1.2364316011639322
295.0,0.05283714355622829,17.249830924779115,-251259.38095118283,2.8037385545043008,-0.02196918147285695,-1.1382695573538553,2.909409597682394,-0.022797185325169087,-1.1811701806484955
296.0,0.05278963590558833,17.234321022350333,-251767.22291169132,2.7825201371860993,-0.16473351295918234,-1.077534488202226,2.8879148666099055,-0.17097319611307463,-1.1183487322075687
297.0,0.0527375875124196,17.217328696088188,-252336.04520293014,2.7516744986512918,-0.3068992137646614,-1.0095613089649762,2.8564997103408447,-0.31859055845895795,-1.0480206100115594
298.0,0.05268237084216133,17.199302017087827,-252964.62258807066,2.7110751317007553,-0.4479436869933158,-0.9344241537204383,2.815030434620506,-0.4651199434267433,-0.9702543469967868
299.0,0.052625841050757516,17.18084664122347,-253650.90562711773,2.660606692198163,-0.5873188006979432,-0.8522175318470443,2.763384045817707,-0.6100065103258806,-0.8851380919915629
300.0,0.05257048662948034,17.1627749904168,-254391.639635403,2.6001689850040948,-0.7244483610870897,-0.7630625040399893,2.7014522749045784,-0.7526674936885033,-0.792785757126461
301.0,0.052519563660706425,17.146150083345447,-255181.7294734286,2.529682182298686,-0.8587260120533834,-0.6671156733622116,2.6291467217422073,-0.8924902484838461,-0.6933459854823815
302.0,0.05247698540341149,17.132249488234212,-256013.07628894405,2.4490937410725278,-0.9895139801289421,-0.5645832854517747,2.5464051491323576,-1.0288309719967441,-0.587016234241353
303.0,0.052445983769855174,17.122128332902086,-256872.23153105378,2.3583881693780837,-1.1161436568774838,-0.45574560710124074,2.4531983637242973,-1.1610140469179637,-0.4740671582957145
304.0,0.05242254153160082,17.114475106039897,-257735.12770178402,2.2576032775677146,-1.2379211153520615,-0.34100415097970443,2.3495347970156337,-1.2883303126728534,-0.35489012910930146
305.0,0.05237024746673192,17.097402574925532,-258554.44163553772,2.146863531579132,-1.3541477485870101,-0.2209835886864665,2.235453344888143,-1.4100263335438752,-0.23010242394456482
306.0,0.05217251508857065,17.032848553605156,-259233.81206907117,2.02642977635611,-1.4641671854155183,-0.09676274502823992,2.1110075520363796,-1.5252776197426159,-0.1008013640017145
307.0,0.05173728983245741,16.890759833874164,-259624.5376608464,1.8966236183268448,-1.567338438190399,0.02968019655903101,1.9763869467727124,-1.6332535356421012,0.030928410091542204
308.0,0.051088689262963505,16.67901011751073,-259664.01530340602,1.7577864371969272,-1.662996271584016,0.1553504555663165,1.832010325686768,-1.7332175721977061,0.1619102484096313
309.0,0.05024683137621779,16.404167360471806,-259459.57557405825,1.610391315322851,-1.750536133216993,0.2775781683270813,1.6784288736759125,-1.8244946817881622,0.28930559174609266
310.0,0.04935428196796054,16.112775257337674,-259128.46221248002,1.4549437365326563,-1.829322174881642,0.39472965467237614,1.5163869990218681,-1.906575693176757,0.4113993561703257
311.0,0.048493135581427135,15.831635351404312,-258732.68358880538,1.2921001227711852,-1.8988119285780352,0.5057993559911296,1.3466626915300206,-1.9789946130211993,0.5271581591156518
312.0,0.04768872599657371,15.569018404327545,-258302.31222446603,1.1226379003286575,-1.9585724915109237,0.6100815750520215,1.170068321751336,-2.0413203825557855,0.6358569619318494
313.0,0.046950849731628316,15.328122701853198,-257854.07718514622,0.9474084194909349,-2.008260889478188,0.7070256157528103,0.9874726350795546,-2.093186667610369,0.736924470474217
314.0,0.04628702859902488,15.111403902709203,-257399.2116583057,0.7673137562923095,-2.047618499652733,0.7961771598513114,0.7997985161475748,-2.13430584846012,0.8298838719073953
315.0,0.045705204082458414,14.921454676404373,-256946.5500469375,0.5832911225985618,-2.0764703235022433,0.877154483117142,0.608011958054576,-2.1644745450784457,0.9143297302733852
316.0,0.04521371755765239,14.76099824586912,-256503.75456043496,0.39629901238486487,-2.0947239130941018,0.9496384773534161,0.4131087147874506,-2.183575221056726,0.9899190223345704
317.0,0.04482064489101277,14.632671152761409,-256077.77774411303,0.2073041776942657,-2.102366608802987,1.0133679695103588,0.21610061033639008,-2.1915752608865025,1.0563676966969027
318.0,0.04453301834972559,14.53876923315058,-255674.99983314864,0.01726970672296159,-2.099461038035738,1.0681367863949485,0.018002319650497464,-2.1885240616294066,1.1134491261261796
319.0,0.044356108391716005,14.481013142280007,-255301.22912199382,-0.1728553887917026,-2.086139258646561,1.1137911010742143,-0.1801808893326327,-2.174548502781184,1.1609928537672372
320.0,0.04429285539752575,14.46036283111951,-254961.65191985798,-0.36214481087155964,-2.0625960714189495,1.1502265445549542,-0.37746410620214627,-2.1498471307113083,1.1988829372579464
321.0,0.044343513761618825,14.476901352256661,-254660.77334868995,-0.5497017741111662,-2.029082025862814,1.1773850084336344,-0.5728921741241165,-2.1146833938317133,1.227055630943405
322.0,0.044505543786431324,14.529799566365813,-254402.3682012729,-0.7346640858513385,-1.9858965570696856,1.1952512513595097,-0.7655473739835739,-2.069378268989394,1.245496376304436
323.0,0.04477375221887093,14.617362023394925,-254189.4497361094,-0.9162077510548016,-1.93338155760063,1.2038494699009072,-0.9545553320900576,-2.014302621482489,1.2542362026567992
324.0,0.04514064640095697,14.737142582719336,-254024.25834114657,-1.0935493960943616,-1.8719155459374612,1.2032399701899423,-1.1390891867454913,-1.949869630483662,1.2533477170747414
325.0,0.04559693959042562,14.886109386007753,-253908.26889731517,-1.2659477936750598,-1.8019084744867306,1.1935160267549791,-1.3183721486236781,-1.8765275779942978,1.2429408988832586
326.0,0.04613213285186956,15.060834828199086,-253842.21403551885,-1.4327047209160517,-1.723797143648133,1.1748009694828256,-1.4916786747146615,-1.7947532392228587,1.223158915879864
327.0,0.046735103084111614,15.257687531785942,-253826.1195239796,-1.5931653217282264,-1.638041154983154,1.147245513560653,-1.658334531106065,-1.7050460323444148,1.19417415433719
328.0,0.04739464311142957,15.473008671303104,-253859.34728736515,-1.7467180930894919,-1.545119334356304,1.1110253429810826,-1.8177160392086067,-1.607923000089336,1.156184614960926
329.0,0.048099921760477594,15.703262175412165,-253940.64070966258,-1.892794581045903,-1.4455265691300967,1.0663389717361407,-1.9692487862432244,-1.5039146192868043,1.1094107870146728
330.0,0.04884085340958673,15.945155374281804,-254068.1655055854,-2.0308688550149157,-1.3397710190315646,1.013405934330356,-2.1124060441924817,-1.3935613771650517,1.0540930871108618
331.0,0.04960838375651728,16.19573229466546,-254239.53685108965,-2.1604568223968115,-1.2283716711955877,0.9524654004700102,-2.2467070945213616,-1.277411017787652,0.9904899511706435
332.0,0.05039470978935677,16.452445474169554,-254451.81821217222,-2.281115444055034,-1.1118562147730506,0.8837753798551509,-2.3717156092488962,-1.1560163457268746,0.9188767139931582
333.0,0.05119345582122764,16.713213431599886,-254701.4663119549,-2.3924419133746704,-0.9907592115444936,0.8076128119560178,-2.4870381980127525,-1.02993347105697,0.839545529323183
334.0,0.051999818009051534,16.976467848245154,-254984.17280362986,-2.4940728748727485,-0.8656205400282541,0.7242750887043669,-2.5923231929452486,-0.8997203829978403,0.7528068363345651
335.0,0.052810640544048236,17.241178441917,-255294.49895051346,-2.585683815163846,-0.7369840963515757,0.634084085142815,-2.68725968463973,-0.7659357415364167,0.6589934116008608
336.0,0.053624191558316776,17.50677980679549,-255625.06925838988,-2.6669889781770255,-0.6053967509768662,0.5373949350491645,-2.7715766435803726,-0.6291377687859167,0.5584692184887583
337.0,0.05443865186334395,17.772678029353862,-255964.75977247782,-2.737742979615633,-0.4714075827979263,0.4346145034676055,-2.8450412667139533,-0.4898831031575761,0.4516480205352698
338.0,0.0552455333952501,18.036101997133198,-256294.4662451125,-2.7977482729196925,-0.3355673376303007,0.32624116480641363,-2.9074530473837035,-0.34872554040663667,0.3390336714634239
339.0,0.056006667385773694,18.284590688306714,-256577.184816752,-2.8468806518672864,-0.19842707884250538,0.2129537186656373,-2.9586228899415885,-0.2062154931091394,0.22131231463078102
340.0,0.056614687828052075,18.483092142439073,-256739.51005590614,-2.8851345937579027,-0.060530341709204565,0.09580902219841589,-2.998339057914475,-0.06290537991824686,0.0995682953508028
341.0,0.05697465804264191,18.600612222475633,-256673.48098045532,-2.912553233480813,0.07760332044625622,-0.023404044667465766,-3.026462123318718,0.08063835787601122,-0.02431936827945746
342.0,0.05708758322732195,18.63747909702208,-256339.47816208357,-2.9291620618927814,0.21547345198078854,-0.1421088647159428,-3.043029559034302,0.22384971186640296,-0.14763316839218638
343.0,0.05696973652764324,18.599005487215038,-255828.64221799362,-2.9350548275628463,0.35259327060435636,-0.2580096613039384,-3.0481809272701486,0.36618330684897166,-0.26795415242417847
344.0,0.05674650747394159,18.526127523444078,-255243.9799440569,-2.9302806879189545,0.4884764845819715,-0.3697239365084576,-3.042228911169648,0.5071382034999405,-0.38384884200164726
345.0,0.0564949212444668,18.443991744911223,-254642.9368245927,-2.9149797886140156,0.6226475764014655,-0.4764688573356483,-3.0254769680055453,0.646250073137831,-0.494530205482603
346.0,0.05623469033827448,18.35903372426345,-254053.45011176085,-2.8893774229871343,0.7546548169742131,-0.5777567343488189,-2.9981964162611736,0.7830764336170257,-0.5995160606621454
347.0,0.05596701700909761,18.2716459632945,-253489.94021848016,-2.8537365182069054,0.8840700984465306,-0.6732461425207278,-2.9606573620187504,0.9171935211282145,-0.6984706316044699
348.0,0.05568935958318029,18.180998677508015,-252960.69971503946,-2.808337545011673,1.010486102632549,-0.7626745895197322,-2.913138508289048,1.0481952153146752,-0.7911359230908406
349.0,0.05539920954250278,18.086272906816443,-252471.06440227744,-2.753471271189418,1.1335136291135761,-0.8458265438388854,-2.8559276618811573,1.1756915579171352,-0.8772996649641209
350.0,0.055094837825941025,17.98690416173302,-252024.84699553726,-2.6894357117748298,1.252779198327221,-0.9225169371774008,-2.7893203170485137,1.299306934674344,-0.9567788604964168
351.0,0.054775313339901356,17.882588466569715,-251625.03568216335,-2.616534634623863,1.3679228344170473,-0.9925818841025144,-2.7136183109394127,1.418678125756917,-1.0294105570647356
352.0,0.054440381999950105,17.77324286995508,-251274.15928231983,-2.5350768412606355,1.478595981633542,-1.055873034404394,-2.62912895852123,1.5334523395877602,-1.09504624321124
353.0,0.054090346845408054,17.658966305644718,-250974.4891647879,-2.4453759611214787,1.584459539045385,-1.1122539008051513,-2.536164692679214,1.643285287740695,-1.1535482140026736
354.0,0.053725975972926505,17.540009535441342,-250728.1548895889,-2.3477506507596315,1.6851820096123875,-1.161597346917304,-2.4350431597465763,1.7478393304275812,-1.2047870897514426
355.0,0.05334843762129609,17.416753956223403,-250537.21061302532,-2.242525142681167,1.7804377631119532,-1.2037838123624403,-2.3260877185769884,1.8467817085492606,-1.2486400658189478
356.0,0.05295925656822832,17.289697364729157,-250403.6710008676,-2.130030112240175,1.8699054137888393,-1.2387000460975008,-2.209628304558886,1.9397828722760457,-1.284989666102341
357.0,0.052560286203155476,17.159444840116805,-250329.52643751696,-2.0106038453386303,1.9532663152401413,-1.2662382213261079,-2.0860026347093057,2.0265149145746473,-1.3137228758313746
358.0,0.05215369179859883,17.02670328253999,-250316.74260392215,-1.8845937004467375,2.030203177909179,-1.2862953631271488,-1.9555577431471993,2.106650119747947,-1.3347305876812388
359.0,0.05174194154528217,16.89227848636628,-250367.24679421276,-1.7523578675039733,2.100398819150833,-1.2987730553482024,-1.8186518474332758,2.179859641476271,-1.347907331206257
360.0,0.05132780266580226,16.7570738714006,-250482.90161439122,-1.6142674341061698,2.163535062586461,-1.303577417449428,-1.6756565555488356,2.2458123320750367,-1.3531512803044572
361.0,0.05091434042292394,16.62209015912174,-250665.46544564626,-1.4707087760376036,2.2192918129249266,-1.3006193606841723,-1.5269594306354954,2.3041737550570094,-1.3503645526713222
362.0,0.05050491817956087,16.48842539226429,-250916.53799249115,-1.3220862943299658,2.2673463453004743,-1.2898151495747447,-1.3729669356956524,2.3546054272089663,-1.3394538322651222
363.0,0.050103196940477594,16.35727478519741,-251237.48822326798,-1.1688255238958585,2.3073728653983765,-1.2710873111342886,-1.214107782496664,2.396764355097536,-1.320331362663158
364.0,0.04971313310627353,16.229929990664168,-251629.36096165306,-1.0113766381342468,2.3390424193579675,-1.244365952110207,-1.0508367065868456,2.430302955246623,-1.2929163771436893
365.0,0.04933897360598626,16.1077775107144,-252092.7572543083,-0.8502183677234405,2.3620232619814554,-1.2095905647799383,-0.883638681486149,2.4548694783500884,-1.2571370513462066
366.0,0.048985248275098425,15.992296208339804,-252627.68239606998,-0.6858623370348138,2.375981829466754,-1.1667124255154595,-0.7130335665623178,2.4701090969308415,-1.2129330872933382
367.0,0.04865676046613428,15.885054242099661,-253233.354113377,-0.5188577937504392,2.380584509713589,-1.1156977186237846,-0.5395811502571654,2.475665863570853,-1.1602590644400574
368.0,0.04835857858286216,15.787706302277694,-253907.96179065664,-0.3497966601594432,2.3755004592172786,-1.0565315528545656,-0.3638864968959187,2.4711858028753277,-1.099088726155964
369.0,0.048096033589677886,15.7019927977663,-254648.36539029487,-0.1793187601785881,2.3604057785755432,-0.9892230839428215,-0.1866054231723362,2.456321462020188,-1.029420413163416
370.0,0.04787473015085605,15.629743492716596,-255449.71859233986,-0.008116964749439608,2.3349894230267685,-0.9138120251557801,-0.008449810067940728,2.430738304806469,-0.9512839206181977
371.0,0.04770057947116698,15.572888228069768,-256304.9908287337,0.16305816036105233,2.298961279753955,-0.830376949466352,0.16980771138441272,2.394123376665086,-0.8647491733197017
372.0,0.04757984975272118,15.533473394287734,-257204.33625286046,0.33339483630192385,2.2520628769706432,-0.7390460423272406,0.3473303784430533,2.3461966598288653,-0.769937364404465
373.0,0.04751916306992583,15.513660911114956,-258134.18265312118,0.5020186040041724,2.194081204429659,-0.6400115686550131,0.52321613867523,2.2867254053239088,-0.6670358010404921
374.0,0.0475250693809573,15.515589154388998,-259075.6977468481,0.6679942664445397,2.124866227844076,-0.5335508604289033,0.6964997842904492,2.215541275850657,-0.5563192348561398
375.0,0.047601555350858485,15.54055965733659,-260001.65917402963,0.8303335892702556,2.044353437265802,-0.4200607687774932,0.8661590037776864,2.1325587203425775,-0.4381846305051508
376.0,0.04773876217530972,15.585353799567066,-260868.9296471241,0.9880145870020847,1.952596304391347,-0.30012393875959303,1.0311218970116263,2.037788542769408,-0.3132184171606161
377.0,0.047874447564940484,15.629651236418523,-261599.6705973046,1.140028346956095,1.8498205008483453,-0.1746554513588485,1.1902636932864725,1.9313328367102254,-0.1823516433973418
378.0,0.04787204059763055,15.628865429761628,-262050.97997648193,1.2854423234731647,1.736453099592795,-0.04523640817440355,1.342408393258127,1.8134063060053904,-0.04724111918930263
379.0,0.04772134039540689,15.579666081846051,-262066.48123671583,1.4233357186281879,1.6129723062348529,0.0853728010764758,1.4864857760448356,1.6845360929206572,0.08916059141942848
380.0,0.04741347296391443,15.479156084842911,-261676.86741705117,1.5528976696975736,1.4800346282316386,0.21377566054881056,1.621541513301597,1.5454576548298156,0.22322533858968055
381.0,0.047021785885751025,15.351281347130238,-261044.7300101227,1.6733942433973714,1.3383967953747353,0.3375781977987371,1.7468367557052045,1.397136822421507,0.35239394790933576
382.0,0.04667354733036633,15.237591321561716,-260285.86839042808,1.7841741339966726,1.1889099914687642,0.45540788672052374,1.8618544495936886,1.240673382493192,0.4752356757752699
383.0,0.046412114449544906,15.1522408902397,-259461.98038479552,1.8847762238584285,1.0325650035332679,0.5664195284905001,1.9661842622826267,1.0771639805465902,0.5908845563043456
384.0,0.04624412084067047,15.097395734834135,-258609.67716440285,1.974900711337183,0.8704090851934101,0.6700403375036872,2.0595336230583743,0.9077098238308574,0.6987544214108172
385.0,0.04616707377403334,15.07224204969356,-257754.29093407342,2.054377672296198,0.7034940707016337,0.7658614870268657,2.141732049543128,0.7334074051735577,0.7984267520016662
386.0,0.04617636103991231,15.075274078970374,-256915.01818442697,2.123145055606954,0.5328485289497729,0.8535884761462947,2.2127198468118388,0.5553292330347139,0.8896010930533585
387.0,0.04626665579637699,15.10475275964039,-256106.90927815612,2.1812296592267484,0.3594608905008607,0.933014091628529,2.2725314808638077,0.3745071897161587,0.9720681572187291
388.0,0.04643212137906517,15.158772586094551,-255341.7776474593,2.228729753360386,0.18426940387351948,1.0040006627479712,2.321278211816151,0.1919212285253616,1.0456919954390664
389.0,0.046666441658491535,15.235271520940461,-254628.74181468587,2.2657996225983172,0.008157095320440745,1.066466765522077,2.3591319010919634,0.008493100448411216,1.1103964105671147
390.0,0.046962885487148366,15.332052035155481,-253974.63826736045,2.2926363571643855,-0.16804959993195023,1.1203765679345736,2.386310815902712,-0.17491591140154938,1.1661538532229316
391.0,0.04731442347650851,15.446819232470869,-253384.3783784868,2.309468977673138,-0.34357965363613185,1.1657310880316243,2.4030677059577608,-0.3575043345717528,1.2129761250580762
392.0,0.047713875646261304,15.577229052665619,-252861.26743841058,2.3165497630080374,-0.5177146166881306,1.202561009612678,2.4096801232182425,-0.5385278750554563,1.2509065887961577
393.0,0.04815406593993579,15.720938716541246,-252407.28790700628,2.3141475268011757,-0.6897848412624333,1.2309208228371022,2.4064427936443216,-0.7172955661627923,1.280013702392441
394.0,0.0486279657830743,15.875653593599639,-252023.3463590532,2.3025425413754785,-0.8591652510029844,1.2508840985926326,2.3936617775007116,-0.89316526619053,1.3003857262484992
395.0,0.04912881610748771,16.03916703950646,-251709.48472690102,2.2820228119386465,-1.0252709969717821,1.2625397261194116,2.3716501371990715,-1.0655389104408874,1.312126460351477
396.0,0.04965022339458656,16.209391751518595,-251465.058004193,2.252881434732131,-1.1875532154904722,1.2659889619391491,2.340724845235624,-1.2338577937052044,1.3153518739690642
397.0,0.050186229774456484,16.384382653846988,-251288.88160028818,2.2154148144014947,-1.3454950174029272,1.2613431584930943,2.301204694003232,-1.3975980614005445,1.3101874999681833
398.0,0.05073136012455585,16.562352274047456,-251179.35191580263,2.1699215583345453,-1.4986077797987547,1.2487220624425346,2.253409004443995,-1.5562665167123502,1.296766479298722
399.0,0.051280650747738035,16.741680105582788,-251134.5435801113,2.1167019041752098,-1.6464277737578579,1.2282525940823805,2.1976569659920018,-1.7093968021026344,1.2752281575684066
