fiberid,radeg,decdeg,source_id,bdbs_id,n6569_oid,photometry_ok,gaia_ok,phot_g_mean_mag,i0,g0,r0,pmra,pmra_error,pmdec,pmdec_error,parallax,parallax_error,RV_adopted,e_RV_adopted,SNR_CaT,rv_quality,rv_member_window_NGC6569,CaT1,CaT2,CaT3,SumEW23,Teff_adopted,e_Teff_adopted,logg_adopted,e_logg_adopted,FeH_adopted,e_FeH_adopted,FeH_source,FeHDP_avg_W2W3,FeHDP_stddev_W2W3,FeH_avg_SP,FeH_stddex_SP,aFe_adopted,e_aFe_adopted,aFe_source,SED_status,SED_ok,SED_n_bands_used,SED_red_chi2,SED_agreement,chem_window_adopted,high_alpha_window,table_use_flag
1,273.957,-31.850,4045881629742634496,149217344,572800,True,True,16.362,15.2600,16.3100,15.5930,-3.253,0.071,-5.962,0.056,0.028,0.074,92.974,10.991,16.500,usable,False,1.020,3.859,2.159,6.017,4691.5,322.3,3.233,1.043,-0.895,0.324,SP_Ace_primary_CaT_DP_disagrees,-0.521,0.061,-0.895,0.324,0.146,0.409,SP_Ace,modeled,True,6.0,0.411,consistent,True,False,secondary
2,273.807,-31.831,4045885345012034816,148850117,535243,True,True,15.727,14.5290,15.6850,14.8790,-3.207,0.049,-8.317,0.037,0.123,0.046,-36.539,4.282,15.900,usable,True,1.651,3.693,2.826,6.519,4558.0,197.0,1.345,1.009,-0.474,0.122,SP_Ace+CaT_DP_consensus,-0.375,0.1,-0.663,0.208,0.132,0.624,SP_Ace,modeled,True,6.0,0.94,consistent,False,False,secondary
3,273.991,-31.827,4045905136225533312,149297241,576699,True,True,15.723,14.7050,15.8320,15.0510,-4.347,0.053,-8.242,0.040,-0.002,0.062,-134.082,3.401,31.000,good,False,1.367,3.426,2.728,6.154,4556.5,111.2,2.738,0.623,-0.636,0.095,SP_Ace+CaT_DP_consensus,-0.554,0.027,-0.692,0.123,0.328,0.3,SP_Ace,modeled,True,5.0,0.565,consistent,True,True,primary
4,273.922,-31.827,4045884692176778752,149132618,567026,True,True,16.557,15.3680,16.4700,15.7180,-4.771,0.074,-6.515,0.055,0.132,0.082,44.362,3.598,25.800,good,False,1.516,3.067,1.555,4.622,5333.0,333.4,3.31,0.438,-0.46,0.184,SP_Ace_primary_CaT_DP_disagrees,-0.9,0.066,-0.46,0.184,0.0,0.924,SP_Ace,modeled,False,5.0,3.16,check,False,False,RV_CaT_only
5,273.980,-31.863,4045881427940969344,149271708,575629,True,True,16.232,15.1990,16.2920,15.5530,-3.217,0.062,-8.200,0.045,0.166,0.069,43.388,4.302,20.700,good,False,1.340,2.835,2.020,4.854,5859.0,100.0,1.48,0.2,-0.14,0.12,SP_Ace_primary_CaT_DP_disagrees,-0.911,0.02,-0.14,0.0,0.0,0.1,SP_Ace,failed,False,,,no_SED,False,False,primary
6,273.711,-31.952,4045877029903806080,148601608,495286,True,True,16.620,15.3270,16.5250,15.6740,-3.544,0.076,-8.400,0.058,0.094,0.059,144.365,5.669,20.300,good,False,0.996,2.700,2.080,4.780,5214.5,191.9,3.587,0.536,-0.239,0.211,SP_Ace_primary_CaT_DP_disagrees,-0.936,0.068,-0.239,0.211,0.091,0.485,SP_Ace,modeled,True,5.0,0.14,check,False,False,secondary
8,273.854,-31.851,4045884412881446912,148964829,549515,True,True,16.134,14.9550,16.0770,15.2900,-4.836,0.057,-7.032,0.044,0.127,0.061,-43.589,3.841,25.200,good,True,1.317,2.979,2.645,5.623,4602.0,100.0,2.853,0.368,-0.593,0.094,SP_Ace+CaT_DP_consensus,-0.67,0.015,-0.544,0.116,0.147,0.281,SP_Ace,modeled,True,5.0,0.136,check,True,False,secondary
9,273.734,-31.847,4048886217069561600,148660316,505563,True,True,16.129,15.0210,16.0150,15.3240,-3.898,0.063,-7.079,0.047,0.187,0.049,-57.635,4.289,31.000,good,True,1.377,2.371,2.285,4.657,4906.5,101.6,3.656,0.33,-0.624,0.12,SP_Ace_primary_CaT_DP_disagrees,-1.001,0.03,-0.624,0.108,0.278,0.207,SP_Ace,modeled,True,6.0,0.134,check,True,True,secondary
12,273.755,-31.837,4048886285789730944,148713549,514330,True,True,16.382,15.1340,16.2030,15.4600,-4.513,0.068,-8.042,0.052,0.010,0.058,32.492,3.687,31.400,good,False,1.272,3.009,2.428,5.437,5073.5,127.9,1.847,0.491,-0.726,0.123,SP_Ace+CaT_DP_consensus,-0.691,0.003,-0.799,0.217,0.341,0.397,SP_Ace,modeled,True,5.0,0.032,check,True,True,secondary
13,273.698,-31.867,4048885809048563200,148565966,488575,True,True,17.129,15.9720,16.9990,16.2900,-4.055,0.093,-7.415,0.070,0.132,0.078,146.219,3.540,19.500,usable,False,1.135,3.155,2.107,5.262,5003.0,227.0,3.07,0.734,-0.638,0.132,SP_Ace+CaT_DP_consensus,-0.608,0.032,-0.74,0.28,0.492,0.867,SP_Ace,modeled,True,6.0,1.173,check,True,True,RV_CaT_only
14,273.749,-31.901,4045883077210370304,148698867,511980,True,True,17.031,15.7680,16.8480,16.0810,-4.294,0.101,-6.419,0.079,0.061,0.080,108.454,6.138,22.600,good,False,1.618,3.689,2.633,6.322,5369.0,374.1,3.85,0.368,-0.303,0.094,SP_Ace+CaT_DP_consensus,-0.168,0.092,-0.39,0.0,0.0,0.33,SP_Ace,modeled,True,5.0,0.769,check,False,False,secondary
15,273.697,-31.933,4045877231741739648,148563541,488101,True,True,16.050,14.7210,15.9460,15.1440,-4.650,0.065,-7.963,0.047,0.216,0.053,23.031,3.692,27.100,good,False,1.603,3.393,2.651,6.044,5035.5,190.6,2.26,0.933,-0.519,0.101,SP_Ace+CaT_DP_consensus,-0.505,0.088,-0.53,0.137,0.178,0.333,SP_Ace,modeled,True,5.0,0.537,check,True,False,secondary
16,273.764,-31.859,4045883760046399872,148738138,518362,True,True,16.465,15.2820,16.4960,15.5900,-4.784,0.076,-8.370,0.057,0.069,0.066,134.168,3.792,27.400,good,False,0.733,2.819,2.153,4.971,4516.5,170.1,2.165,0.534,-0.963,0.094,SP_Ace+CaT_DP_consensus,-0.943,0.135,-0.975,0.117,0.397,0.351,SP_Ace,modeled,True,5.0,0.494,consistent,True,True,primary
17,273.853,-31.939,4045879465078824064,148964098,549424,True,True,15.505,14.4970,15.6380,14.8420,-3.459,0.045,-6.920,0.033,0.027,0.040,252.860,3.259,32.400,good,False,1.462,3.089,2.665,5.754,4505.0,162.3,2.606,0.526,-0.759,0.13,SP_Ace+CaT_DP_consensus,-0.73,0.052,-0.848,0.263,0.403,0.201,SP_Ace,modeled,True,5.0,0.426,consistent,True,True,secondary
19,273.512,-31.871,4048883708806719872,148076970,396717,True,True,16.540,15.3560,16.2880,15.6070,-4.175,0.066,-7.402,0.049,0.103,0.056,-48.728,3.255,29.100,good,True,1.168,2.706,2.029,4.735,5029.0,191.6,2.628,0.813,-0.902,0.138,SP_Ace+CaT_DP_consensus,-0.916,0.024,-0.817,0.361,0.142,0.917,SP_Ace,modeled,True,6.0,0.365,consistent,True,False,RV_CaT_only
20,273.663,-31.902,4048879796198031488,148474739,471477,True,True,16.909,15.6430,16.7300,15.9660,-3.493,0.084,-7.766,0.062,0.143,0.072,-85.536,3.805,24.100,good,False,1.398,3.070,2.641,5.711,5101.5,419.5,3.508,1.371,-0.436,0.145,SP_Ace+CaT_DP_consensus,-0.452,0.035,-0.198,0.577,0.437,0.562,SP_Ace,modeled,True,6.0,0.167,check,False,False,RV_CaT_only
21,273.730,-31.905,4045883244652619904,148651053,503934,True,True,16.881,15.5350,16.6080,15.8420,-3.833,0.122,-6.852,0.097,0.087,0.106,38.869,3.616,24.400,good,False,1.169,2.577,1.994,4.571,5269.0,168.8,3.526,0.408,-0.415,0.277,SP_Ace_primary_CaT_DP_disagrees,-0.935,0.023,-0.415,0.277,0.088,0.765,SP_Ace,modeled,True,5.0,0.438,check,False,False,secondary
22,273.379,-31.974,4048787712010611840,147717824,327247,True,True,16.914,15.6350,16.5910,15.9010,-3.809,0.078,-6.852,0.060,0.151,0.073,-48.052,3.963,23.100,good,True,1.431,2.971,2.159,5.130,5059.0,172.0,3.556,0.42,-0.653,0.128,SP_Ace+CaT_DP_consensus,-0.651,0.044,-0.66,0.246,0.156,0.34,SP_Ace,modeled,True,5.0,0.519,check,True,False,secondary
23,273.765,-31.959,4045882046477355264,148739678,518604,True,True,16.251,14.9800,15.9920,15.2690,-3.373,0.070,-7.586,0.051,0.285,0.061,210.212,3.548,28.600,good,False,1.392,2.850,2.388,5.238,4759.0,134.8,2.718,0.403,-0.584,0.099,SP_Ace+CaT_DP_consensus,-0.775,0.034,-0.434,0.133,0.218,0.228,SP_Ace,modeled,True,5.0,0.43,consistent,True,True,primary
24,273.647,-32.022,4045876342759202176,148434876,464124,True,True,17.241,15.8840,16.5780,16.0490,-4.563,0.106,-7.572,0.079,0.582,0.087,-5.985,3.308,17.500,usable,False,1.213,2.478,2.186,4.664,6141.0,100.0,3.85,0.2,-0.15,0.12,SP_Ace_primary_CaT_DP_disagrees,-0.779,0.012,-0.15,0.0,0.0,0.16,SP_Ace,modeled,True,5.0,0.498,check,False,False,secondary
25,273.637,-31.875,4048880822591399168,148408443,459186,True,True,16.693,15.3770,16.4540,15.7000,-3.244,0.081,-8.334,0.057,0.131,0.066,133.838,4.243,19.500,usable,False,1.286,3.568,2.458,6.026,5258.0,293.3,2.041,0.786,-0.393,0.135,SP_Ace+CaT_DP_consensus,-0.411,0.007,-0.317,0.309,-0.283,0.573,SP_Ace,modeled,True,5.0,0.11,check,False,False,secondary
28,273.857,-31.999,4045878606085163648,148972608,550481,True,True,13.907,12.9060,14.6010,13.4820,-4.865,0.028,-6.264,0.020,0.146,0.025,25.293,3.233,62.800,good,False,1.748,3.528,2.938,6.466,3932.0,100.0,1.757,0.369,-0.758,0.109,SP_Ace+CaT_DP_consensus,-0.801,0.125,-0.71,0.157,0.215,0.256,SP_Ace,modeled,True,6.0,0.894,consistent,True,True,primary
29,273.894,-32.032,4045877575292900864,149065660,560826,True,True,15.593,14.7200,15.8180,14.9480,-3.484,0.042,-6.124,0.033,0.095,0.041,177.462,3.223,32.000,good,False,1.360,3.186,2.966,6.152,4604.5,100.0,2.534,0.438,-0.524,0.094,SP_Ace+CaT_DP_consensus,-0.576,0.026,-0.492,0.119,0.232,0.23,SP_Ace,modeled,True,6.0,0.75,consistent,True,True,primary
30,273.807,-31.960,4045881909037907584,148849004,535100,True,True,16.268,15.2400,16.2300,15.5200,-4.750,0.060,-7.204,0.046,0.139,0.061,69.130,3.442,27.000,good,False,1.376,3.018,2.537,5.555,5424.5,148.7,3.602,0.501,-0.17,0.18,SP_Ace_primary_CaT_DP_disagrees,-0.64,0.03,-0.17,0.18,-0.072,0.241,SP_Ace,modeled,False,5.0,3.324,check,False,False,secondary
31,273.902,-32.056,4045865755542818688,149084444,562702,True,True,15.952,15.0930,16.1350,15.3950,-4.747,0.050,-7.369,0.038,0.121,0.048,-50.588,4.039,32.300,good,True,1.312,2.790,2.467,5.256,4934.0,115.6,2.314,0.496,-0.745,0.114,SP_Ace+CaT_DP_consensus,-0.83,0.013,-0.63,0.174,0.367,0.416,SP_Ace,modeled,True,6.0,0.291,check,True,True,secondary
32,273.742,-31.963,4045882080784870912,148682641,509301,True,True,15.834,14.6200,15.7840,14.9620,-4.192,0.053,-6.799,0.038,0.063,0.045,30.161,3.428,28.700,good,False,1.554,2.802,2.621,5.423,4655.0,179.5,2.453,0.56,-0.713,0.118,SP_Ace+CaT_DP_consensus,-0.767,0.075,-0.626,0.191,0.338,0.365,SP_Ace,modeled,True,5.0,0.177,check,True,True,secondary
33,273.695,-31.971,4045876892515035264,148558766,487196,True,True,16.917,15.7420,16.7660,16.0870,-3.452,0.088,-7.532,0.065,0.239,0.074,-86.409,4.883,22.100,good,False,1.295,2.367,1.658,4.025,5563.0,194.5,3.84,0.481,-0.53,0.417,SP_Ace_primary_CaT_DP_disagrees,-1.069,0.009,-0.53,0.417,0.0,0.694,SP_Ace,modeled,False,5.0,2.599,check,False,False,secondary
34,273.678,-32.017,4045875621153952512,148514605,479107,True,True,16.973,15.6580,16.7400,15.9780,-4.630,0.087,-6.643,0.064,0.223,0.070,-87.540,4.094,18.300,usable,False,1.232,2.585,2.122,4.708,5210.5,436.7,1.99,1.391,-0.964,0.094,SP_Ace+CaT_DP_consensus,-0.833,0.007,-1.048,0.057,0.081,0.353,SP_Ace,modeled,True,5.0,0.043,check,False,False,secondary
36,273.747,-32.015,4045875719867091328,148695233,511365,True,True,16.072,14.8250,16.1150,15.1850,-4.904,0.054,-7.498,0.039,0.135,0.047,105.077,5.651,35.600,good,False,1.750,3.337,2.244,5.580,4615.0,100.0,2.946,0.36,-0.73,0.094,SP_Ace+CaT_DP_consensus,-0.63,0.125,-0.795,0.089,0.244,0.234,SP_Ace,modeled,True,6.0,0.438,check,True,True,secondary
37,273.656,-31.933,4048879585640012160,148458537,468455,True,True,16.129,14.9340,16.0690,15.1960,-4.824,0.056,-8.837,0.041,0.174,0.050,62.081,3.246,24.500,good,False,1.498,2.924,2.380,5.304,4867.0,105.6,3.075,0.377,-0.32,0.12,SP_Ace_primary_CaT_DP_disagrees,-0.751,0.061,-0.32,0.097,0.093,0.24,SP_Ace,modeled,True,5.0,0.128,check,False,False,secondary
38,273.585,-31.934,4048879482600164480,148272212,433905,True,True,16.505,15.2010,16.1550,15.5030,-4.814,0.063,-6.585,0.045,0.044,0.052,20.452,3.982,26.600,good,False,0.823,2.123,1.749,3.873,,,,,-1.315,0.15,CaT_DP_only,-1.315,0.112,,,,,none,failed,False,,,no_SED,False,False,RV_CaT_only
42,273.832,-32.145,4045859158472791168,148910993,543038,True,True,15.358,14.4360,15.7620,14.8660,-3.895,0.038,-7.002,0.029,0.062,0.033,61.762,3.269,40.500,good,False,1.406,3.161,2.571,5.732,4369.0,100.0,2.657,0.71,-0.869,0.102,SP_Ace+CaT_DP_consensus,-0.788,0.037,-0.939,0.139,0.432,0.248,SP_Ace,modeled,True,6.0,0.585,consistent,True,True,primary
43,273.779,-32.085,4045872391336764160,148776408,524556,True,True,15.941,14.8620,16.0970,15.1970,-3.236,0.053,-8.828,0.039,0.198,0.047,75.504,3.314,32.300,good,False,1.481,2.919,2.441,5.360,4591.0,145.6,2.803,0.349,-0.674,0.105,SP_Ace+CaT_DP_consensus,-0.776,0.057,-0.577,0.147,0.249,0.212,SP_Ace,modeled,True,6.0,0.838,check,True,True,secondary
44,273.620,-31.925,4048879826197556864,148362154,450664,True,True,17.180,15.9850,17.0130,16.2650,-3.852,0.094,-6.513,0.071,0.065,0.075,-24.667,3.872,18.400,usable,False,1.240,2.663,2.194,4.857,5343.5,302.4,3.625,0.754,-0.304,0.17,SP_Ace_primary_CaT_DP_disagrees,-0.721,0.005,-0.304,0.17,0.082,0.248,SP_Ace,modeled,True,5.0,1.044,check,False,False,secondary
45,273.600,-31.925,4048879521320152448,148312254,441470,True,True,17.058,15.8600,16.7940,16.1000,-3.799,0.088,-6.359,0.063,0.163,0.078,108.724,5.009,18.000,usable,False,0.845,2.417,1.767,4.184,5598.0,211.4,3.63,0.955,-0.43,0.12,SP_Ace_primary_CaT_DP_disagrees,-1.059,0.106,-0.43,0.0,0.0,0.1,SP_Ace,modeled,True,5.0,1.126,check,False,False,secondary
46,273.698,-32.104,4045870703345010048,148565004,488395,True,True,14.468,13.1800,15.2760,16.9950,-4.236,0.029,-7.403,0.020,0.070,0.026,178.539,3.225,48.600,good,False,1.624,3.514,2.935,6.449,3993.0,100.0,1.952,0.443,-0.68,0.116,SP_Ace+CaT_DP_consensus,-0.755,0.093,-0.566,0.184,0.251,0.353,SP_Ace,modeled,False,5.0,247.016,check,True,True,secondary
48,273.464,-31.970,4048878417407596416,147952362,373273,True,True,17.010,15.6910,16.6040,15.9740,-3.360,0.117,-7.824,0.087,0.184,0.103,-76.143,3.205,20.600,good,False,0.906,2.288,1.826,4.114,5529.0,444.1,3.99,0.944,-0.55,0.51,SP_Ace_primary_CaT_DP_disagrees,-1.111,0.091,-0.55,0.51,0.0,0.14,SP_Ace,modeled,True,5.0,0.147,check,False,False,RV_CaT_only
52,273.462,-31.952,4048881376635763840,147947362,372314,True,True,17.191,15.8740,16.8960,16.1860,-4.106,0.091,-7.420,0.068,0.066,0.079,-48.470,3.280,17.400,usable,True,0.980,2.735,2.275,5.009,5461.0,304.1,3.01,0.735,-0.705,0.139,SP_Ace+CaT_DP_consensus,-0.725,0.072,-0.58,0.379,0.072,0.604,SP_Ace,modeled,True,5.0,0.909,check,False,False,secondary
54,273.836,-32.171,4045858849235077504,148922961,544456,True,True,15.995,15.2380,16.1770,15.4930,-3.470,0.053,-6.557,0.038,-0.038,0.044,13.849,3.365,16.000,usable,False,1.435,3.257,2.620,5.877,4783.5,277.1,3.186,0.547,-0.493,0.12,SP_Ace+CaT_DP_consensus,-0.557,0.045,-0.376,0.201,0.264,0.531,SP_Ace,modeled,True,5.0,0.533,check,False,False,secondary
57,273.511,-31.922,4048878971453998976,148075650,396450,True,True,16.612,15.2250,16.3520,15.5590,-4.104,0.129,-7.398,0.094,-0.192,0.109,-29.055,3.355,39.000,good,True,1.440,3.017,2.519,5.536,4653.0,100.0,3.039,0.39,-0.472,0.094,SP_Ace+CaT_DP_consensus,-0.581,0.046,-0.4,0.121,0.145,0.277,SP_Ace,modeled,True,5.0,0.121,consistent,False,False,primary
58,273.576,-31.968,4048879280801579520,148246848,428987,True,True,17.217,15.7770,16.7620,16.1130,-4.051,0.099,-7.350,0.071,0.039,0.084,-45.621,3.827,15.900,usable,True,1.055,2.858,2.147,5.005,5256.5,228.7,2.736,1.368,-0.718,0.148,SP_Ace+CaT_DP_consensus,-0.713,0.052,-0.915,0.96,0.64,1.0,SP_Ace,modeled,True,6.0,0.264,check,True,True,RV_CaT_only
61,273.622,-32.056,4045874727851137152,148367453,451600,True,True,15.869,14.6310,15.7750,14.9620,-3.279,0.055,-7.599,0.044,0.034,0.048,-78.426,3.215,40.000,good,False,1.439,2.600,2.133,4.733,4646.0,106.0,1.123,0.558,-1.133,0.104,SP_Ace+CaT_DP_consensus,-1.029,0.046,-1.23,0.146,0.278,0.314,SP_Ace,modeled,True,6.0,1.255,consistent,False,False,primary
63,273.555,-32.048,4048876974301232512,148192799,418550,True,True,17.309,16.0980,17.1230,16.4080,-3.688,0.099,-6.436,0.073,0.058,0.084,260.560,3.371,18.200,usable,False,0.943,2.204,2.202,4.406,5338.5,233.1,3.511,0.691,-0.27,0.255,SP_Ace_primary_CaT_DP_disagrees,-0.914,0.081,-0.27,0.255,-0.099,0.424,SP_Ace,modeled,True,5.0,0.811,check,False,False,secondary
64,273.721,-32.245,4045856929503659392,148628030,499994,True,True,15.629,14.8760,15.9200,15.1440,-5.045,0.043,-7.846,0.032,0.107,0.037,91.360,3.210,35.000,good,False,1.464,3.117,2.406,5.523,4778.0,100.0,3.046,0.276,-0.619,0.094,SP_Ace+CaT_DP_consensus,-0.767,0.052,-0.524,0.092,0.299,0.188,SP_Ace,modeled,True,6.0,1.167,check,True,True,secondary
65,273.591,-32.027,4045875067034844928,148288042,436891,True,True,16.923,15.6820,16.6510,15.9550,-4.608,0.082,-7.787,0.061,0.110,0.070,-83.348,5.214,15.800,usable,False,0.806,3.474,2.153,5.627,5249.0,270.0,3.579,0.852,-0.591,0.139,SP_Ace+CaT_DP_consensus,-0.578,0.116,-0.674,0.378,0.159,0.435,SP_Ace,modeled,True,6.0,0.62,check,True,False,secondary
66,273.592,-32.076,4045874659131668608,148290265,437324,True,True,16.899,15.7800,16.8110,16.0490,-4.327,0.119,-7.204,0.090,-0.155,0.094,64.719,4.120,22.900,good,False,1.517,2.728,2.434,5.162,5197.0,170.7,3.307,0.449,-0.576,0.126,SP_Ace+CaT_DP_consensus,-0.623,0.066,-0.465,0.23,0.213,0.675,SP_Ace,modeled,True,6.0,0.469,check,True,True,secondary
67,273.598,-32.117,4045873417767335680,148307113,440477,True,True,17.288,16.2820,17.0690,16.4710,-4.387,0.121,-7.427,0.091,0.034,0.101,-61.827,3.220,15.100,usable,True,1.406,2.390,1.514,3.904,6018.0,100.0,3.68,1.092,-1.026,0.094,SP_Ace+CaT_DP_consensus,-0.988,0.037,-1.05,0.0,-0.023,0.1,SP_Ace,modeled,True,5.0,1.254,check,False,False,secondary
68,273.665,-32.241,4045774981544395264,148481036,472646,True,True,16.180,15.4250,16.4460,15.7180,-4.252,0.057,-7.090,0.043,0.137,0.054,28.866,3.741,25.600,good,False,0.929,2.721,2.259,4.981,5644.0,281.4,2.6,1.23,-0.45,0.187,SP_Ace_primary_CaT_DP_disagrees,-0.939,0.085,-0.45,0.187,0.0,0.368,SP_Ace,failed,False,,,no_SED,False,False,primary
69,273.574,-32.150,4045779375162862080,148241343,427932,True,True,13.878,12.5590,15.1650,13.8130,-3.835,0.027,-7.228,0.019,0.062,0.023,-37.964,4.582,55.100,good,True,1.587,2.999,2.702,5.701,3839.5,100.0,1.757,0.422,-0.684,0.123,SP_Ace_primary_CaT_DP_disagrees,-1.127,0.084,-0.684,0.123,0.172,0.206,SP_Ace,modeled,True,6.0,0.979,check,True,False,secondary
70,273.562,-32.077,4045874452973272320,148210133,421881,True,True,16.063,14.9360,16.0000,15.2450,-3.427,0.062,-7.986,0.045,0.099,0.053,58.566,3.692,47.000,good,False,1.429,3.215,2.520,5.735,5181.0,156.1,4.216,0.452,-0.559,0.119,SP_Ace+CaT_DP_consensus,-0.618,0.043,-0.459,0.195,0.173,0.5,SP_Ace,failed,False,,,no_SED,True,False,primary
71,273.534,-32.046,4048877013058797440,148137897,408309,True,True,16.694,15.5120,16.4710,15.7840,-4.600,0.106,-7.121,0.076,-0.054,0.086,-10.754,3.727,19.900,usable,False,0.766,1.974,1.818,3.793,6290.0,456.4,3.78,0.2,-0.25,0.156,SP_Ace_primary_CaT_DP_disagrees,-1.303,0.126,-0.25,0.156,0.0,0.348,SP_Ace,modeled,False,5.0,7.664,check,False,False,secondary
72,273.630,-32.253,4045774908399432576,148389915,455776,True,True,15.281,14.2810,15.6280,14.7120,-3.942,0.039,-6.528,0.030,0.054,0.032,60.292,3.352,40.200,good,False,1.145,2.888,2.398,5.286,4296.5,100.0,2.306,0.308,-1.012,0.094,SP_Ace+CaT_DP_consensus,-1.015,0.029,-1.01,0.078,0.213,0.229,SP_Ace,modeled,True,6.0,0.838,check,True,True,secondary
74,273.576,-32.187,4045779070352919040,148246507,428926,True,True,16.165,15.1010,16.1850,15.4210,-3.549,0.055,-8.629,0.040,0.058,0.049,133.465,3.421,30.200,good,False,1.320,2.852,2.270,5.122,5002.5,100.9,2.793,0.369,-0.665,0.095,SP_Ace+CaT_DP_consensus,-0.836,0.015,-0.55,0.123,0.249,0.271,SP_Ace,modeled,True,6.0,0.026,check,True,True,secondary
75,273.472,-32.047,4048783309651260032,147973061,377178,True,True,16.194,14.9780,16.0340,15.2970,-4.051,0.057,-7.752,0.042,0.060,0.050,-146.376,3.377,33.700,good,False,1.265,2.931,2.279,5.209,4860.0,124.6,2.167,0.528,-0.924,0.101,SP_Ace+CaT_DP_consensus,-0.811,0.001,-1.017,0.136,0.441,0.279,SP_Ace,modeled,True,6.0,0.228,check,True,True,secondary
76,273.423,-31.995,4048881200572580992,147840142,351658,True,True,15.778,14.5180,15.7250,14.8110,-4.990,0.073,-7.454,0.054,-0.104,0.062,-13.156,3.254,30.100,good,False,1.595,3.238,2.592,5.830,4578.5,109.3,2.857,0.32,-0.264,0.127,SP_Ace_primary_CaT_DP_disagrees,-0.628,0.086,-0.264,0.127,0.11,0.23,SP_Ace,modeled,True,6.0,0.71,check,False,False,secondary
77,273.546,-32.142,4045780169864983552,148168347,414014,True,True,16.371,15.2470,16.1970,15.4900,-4.577,0.076,-7.797,0.057,0.008,0.055,-4.150,4.368,24.600,good,False,1.223,2.657,2.441,5.098,5154.5,184.5,3.489,0.609,-0.784,0.133,SP_Ace+CaT_DP_consensus,-0.807,0.009,-0.7,0.285,0.517,0.302,SP_Ace,modeled,True,6.0,1.011,check,True,True,secondary
78,273.534,-32.186,4045779203364149248,148135928,407944,True,True,16.248,15.1390,16.2270,15.4710,-4.175,0.061,-8.272,0.046,0.127,0.051,173.713,3.529,27.700,good,False,1.149,2.781,2.402,5.183,5005.0,224.2,2.61,0.507,-0.741,0.117,SP_Ace+CaT_DP_consensus,-0.831,0.028,-0.601,0.186,0.3,0.282,SP_Ace,modeled,True,5.0,0.016,check,True,True,secondary
79,273.519,-32.116,4045780474674498304,148096462,400440,True,True,16.428,15.3380,16.3640,15.6340,-3.496,0.098,-6.917,0.071,0.230,0.083,-3.955,3.773,25.900,good,False,1.177,2.640,1.717,4.356,5084.5,165.7,2.756,0.574,-0.98,0.116,SP_Ace+CaT_DP_consensus,-1.082,0.021,-0.83,0.182,0.452,0.322,SP_Ace,modeled,True,5.0,0.899,check,True,True,secondary
82,273.555,-32.286,4045775153313046272,148192745,418537,True,True,16.270,15.4810,16.5900,15.7990,-4.580,0.098,-6.050,0.072,0.125,0.087,-64.051,7.200,23.700,good,True,1.219,2.815,2.326,5.141,5052.5,168.9,2.015,0.553,-0.759,0.116,SP_Ace+CaT_DP_consensus,-0.815,0.01,-0.676,0.184,0.31,0.351,SP_Ace,modeled,True,5.0,0.441,check,True,True,secondary
83,273.348,-32.117,4048782145776353024,147635300,311085,True,True,16.705,15.6230,16.5960,15.8990,-4.396,0.076,-6.697,0.057,0.023,0.064,51.071,3.326,24.500,good,False,1.094,2.475,2.029,4.504,5469.5,238.1,3.5,0.651,-0.918,0.133,SP_Ace+CaT_DP_consensus,-0.976,0.042,-0.7,0.29,0.022,0.43,SP_Ace,modeled,True,5.0,0.468,check,False,False,secondary
84,273.535,-32.289,4045773877604612992,148138226,408378,True,True,15.499,14.6750,15.8530,14.9920,-4.063,0.043,-6.252,0.031,-0.017,0.040,-59.349,3.282,34.200,good,True,1.302,2.694,2.224,4.918,4287.5,131.3,1.873,0.451,-1.164,0.094,SP_Ace+CaT_DP_consensus,-1.054,0.011,-1.234,0.089,0.528,0.249,SP_Ace,modeled,True,6.0,0.461,consistent,False,False,primary
85,273.448,-32.167,4045779860627209600,147908323,364940,True,True,14.001,12.4890,15.5920,14.1460,-4.459,0.047,-8.096,0.035,0.115,0.039,-89.731,5.512,41.800,good,False,0.862,1.356,1.557,2.913,,,,,-2.297,0.15,CaT_DP_only,-2.297,0.102,,,,,none,failed,False,,,no_SED,False,False,RV_CaT_only
86,273.423,-32.043,4048784203005973504,147839291,351494,True,True,16.723,15.4070,16.4830,15.7220,-4.658,0.076,-8.105,0.058,0.220,0.060,-48.943,3.225,23.400,good,True,1.284,2.879,2.160,5.038,4815.0,285.3,1.171,0.599,-0.814,0.133,SP_Ace+CaT_DP_consensus,-0.757,0.006,-1.021,0.285,0.429,0.323,SP_Ace,modeled,True,6.0,0.431,check,True,True,secondary
87,273.370,-32.041,4048786814346092032,147694125,322634,True,True,16.624,15.4840,16.5850,15.8280,-4.271,0.064,-6.701,0.048,0.096,0.057,83.949,3.539,23.700,good,False,1.082,2.682,2.141,4.823,5284.0,299.4,2.227,0.809,-0.887,0.138,SP_Ace+CaT_DP_consensus,-0.889,0.046,-0.878,0.356,0.294,0.53,SP_Ace,modeled,True,5.0,0.56,check,True,True,secondary
88,273.456,-32.100,4048783069132858240,147931072,369256,True,True,16.133,15.0170,16.1440,15.3290,-4.063,0.053,-6.480,0.040,0.088,0.045,-7.232,3.305,31.700,good,False,1.328,2.979,2.234,5.213,5046.5,142.1,2.589,0.764,-0.68,0.106,SP_Ace+CaT_DP_consensus,-0.808,0.017,-0.55,0.151,0.166,0.459,SP_Ace,modeled,True,5.0,0.466,check,True,False,secondary
92,273.477,-32.312,4045773778953119616,147985029,379433,True,True,16.320,15.3500,16.3550,15.6730,-3.717,0.111,-6.890,0.080,-0.050,0.103,115.886,3.320,28.800,good,False,1.164,2.448,2.077,4.526,4824.5,118.7,2.768,0.469,-0.886,0.108,SP_Ace+CaT_DP_consensus,-1.052,0.025,-0.706,0.156,0.071,0.324,SP_Ace,modeled,True,5.0,1.031,check,False,False,secondary
94,273.448,-32.245,4045777867762204288,147908587,364996,True,True,16.147,15.2170,16.1850,15.4630,-4.087,0.066,-7.353,0.048,0.128,0.067,27.048,3.235,29.800,good,False,1.306,2.797,2.408,5.206,5062.0,160.5,2.84,0.354,-0.636,0.094,SP_Ace+CaT_DP_consensus,-0.801,0.012,-0.53,0.096,0.0,0.177,SP_Ace,modeled,True,5.0,0.531,check,False,False,secondary
95,273.379,-32.142,4048781114984082560,147719368,327526,True,True,13.938,12.6250,16.3990,14.7060,-3.576,0.065,-6.369,0.051,0.124,0.056,36.836,5.700,38.100,good,False,0.766,1.155,1.427,2.582,,,,,-2.41,0.15,CaT_DP_only,-2.41,0.126,,,,,none,failed,False,,,no_SED,False,False,RV_CaT_only
96,273.390,-32.018,4048787226661555968,147749821,333472,True,True,17.163,15.9540,16.6490,16.1070,-3.299,0.086,-6.778,0.065,0.502,0.073,73.198,3.858,22.700,good,False,0.742,2.156,1.423,3.578,5930.5,336.7,4.212,0.835,-0.6,0.283,SP_Ace_primary_CaT_DP_disagrees,-1.264,0.133,-0.6,0.283,0.048,0.436,SP_Ace,modeled,True,5.0,0.599,check,False,False,secondary
97,273.381,-32.225,4048780221630708736,147723988,328389,True,True,15.907,14.8780,16.0460,15.1920,-4.589,0.058,-8.681,0.043,0.052,0.050,-175.362,3.990,33.200,good,False,1.218,2.538,2.223,4.761,4566.5,103.0,2.551,0.393,-1.084,0.094,SP_Ace+CaT_DP_consensus,-1.045,0.011,-1.11,0.093,0.386,0.204,SP_Ace,modeled,True,6.0,0.615,check,True,True,secondary
98,273.415,-32.081,4048783520165843328,147819456,347595,True,True,15.687,14.6130,15.6990,14.9100,-4.521,0.045,-7.596,0.033,0.173,0.036,208.378,3.430,43.300,good,False,1.083,2.596,2.024,4.620,4985.0,100.0,2.616,0.371,-0.714,0.125,SP_Ace_primary_CaT_DP_disagrees,-1.163,0.045,-0.714,0.125,0.0,0.287,SP_Ace,modeled,True,5.0,0.726,check,False,False,secondary
101,273.407,-32.016,4048787329772566272,147795467,342673,True,True,16.935,15.6320,16.5960,15.8880,-3.301,0.077,-6.874,0.057,0.160,0.070,-4.310,3.308,19.300,usable,False,0.749,2.875,2.055,4.930,5605.5,100.0,4.212,1.041,-0.815,0.142,SP_Ace+CaT_DP_consensus,-0.842,0.131,-0.595,0.436,0.102,0.351,SP_Ace,modeled,True,5.0,1.863,check,True,False,secondary
104,273.372,-32.324,4045770617856127744,147699305,323649,True,True,16.483,15.4640,16.3890,15.6970,-3.926,0.080,-5.901,0.057,0.083,0.072,33.026,3.265,28.600,good,False,1.287,2.568,1.999,4.567,5162.5,167.2,3.735,0.395,-0.526,0.178,SP_Ace_primary_CaT_DP_disagrees,-0.961,0.007,-0.526,0.178,0.088,0.357,SP_Ace,modeled,True,5.0,0.579,check,False,False,secondary
106,273.346,-32.324,4045771334983937536,147629826,309993,True,True,14.315,13.0360,15.1240,13.9630,-3.807,0.034,-8.354,0.024,0.053,0.029,-57.178,3.343,49.000,good,True,1.539,3.069,2.677,5.746,3869.5,100.0,1.539,0.449,-0.865,0.094,SP_Ace+CaT_DP_consensus,-1.033,0.071,-0.757,0.106,0.331,0.29,SP_Ace,modeled,True,5.0,0.813,check,True,True,secondary
107,273.370,-32.269,4045777592884406272,147693796,322568,True,True,16.083,14.9750,15.8650,15.1890,-4.550,0.061,-6.025,0.043,0.263,0.054,13.186,3.271,31.000,good,False,1.294,2.744,2.020,4.765,4779.5,100.0,3.253,0.239,-0.35,0.12,SP_Ace_primary_CaT_DP_disagrees,-0.973,0.009,-0.35,0.064,-0.038,0.214,SP_Ace,modeled,True,6.0,0.241,consistent,False,False,primary
108,273.345,-32.269,4045777627244193792,147626982,309420,True,True,16.544,15.3920,16.3670,15.6540,-4.404,0.079,-7.918,0.057,-0.053,0.065,-79.660,3.643,25.700,good,False,1.166,2.498,1.943,4.441,5040.0,146.4,2.355,0.398,-0.956,0.129,SP_Ace+CaT_DP_consensus,-1.027,0.024,-0.759,0.251,0.286,0.448,SP_Ace,modeled,True,5.0,0.181,consistent,True,True,secondary
109,273.340,-32.122,4048782111416619008,147612854,306660,True,True,16.083,14.9540,16.0190,15.2640,-4.719,0.065,-6.621,0.049,0.060,0.056,51.604,3.264,31.800,good,False,1.333,2.720,2.283,5.003,4933.0,138.2,2.616,0.519,-0.906,0.098,SP_Ace+CaT_DP_consensus,-0.897,0.019,-0.913,0.129,0.512,0.278,SP_Ace,modeled,True,6.0,0.164,check,True,True,secondary
110,273.312,-32.152,4048781591663872512,147535193,291598,True,True,17.139,16.0480,17.1810,16.3830,-4.576,0.100,-7.945,0.076,0.200,0.080,80.361,3.662,20.600,good,False,1.182,2.504,1.642,4.146,4538.0,182.2,3.132,0.596,-1.058,0.117,SP_Ace+CaT_DP_consensus,-0.991,0.02,-1.163,0.188,0.078,0.384,SP_Ace,modeled,True,6.0,0.87,consistent,False,False,primary
111,273.358,-32.002,4048787535930734464,147660915,316101,True,True,16.223,15.0090,16.0680,15.2650,-3.387,0.056,-6.968,0.043,0.151,0.049,-165.507,3.450,33.700,good,False,1.255,2.660,2.171,4.831,5062.0,136.5,3.213,0.304,-0.504,0.12,SP_Ace_primary_CaT_DP_disagrees,-0.943,0.001,-0.504,0.119,0.085,0.252,SP_Ace,modeled,True,5.0,0.309,check,False,False,secondary
112,273.352,-32.195,4048780496508726784,147645671,313141,True,True,13.569,12.4130,14.4420,13.2030,-4.125,0.024,-6.818,0.018,0.104,0.021,231.928,4.019,59.800,good,False,1.591,3.279,2.823,6.102,3827.0,100.0,2.045,0.579,-0.598,0.238,SP_Ace_primary_CaT_DP_disagrees,-1.051,0.085,-0.598,0.238,0.186,0.31,SP_Ace,modeled,True,5.0,0.186,consistent,True,False,primary
113,273.349,-32.148,4048781729104699520,147636745,311388,True,True,17.166,16.0450,17.1190,16.3760,-4.667,0.109,-6.695,0.085,0.300,0.098,-18.886,3.983,22.200,good,False,1.212,2.474,1.886,4.360,5408.0,380.1,3.67,0.827,-0.839,0.124,SP_Ace+CaT_DP_consensus,-0.918,0.012,-0.67,0.219,0.0,0.937,SP_Ace,modeled,True,5.0,1.713,check,False,False,RV_CaT_only
115,273.264,-32.050,4048786298948505216,147403224,265520,True,True,14.184,12.7850,15.1030,13.8700,-4.052,0.027,-6.992,0.020,0.092,0.025,138.046,3.799,41.800,good,False,1.622,3.141,2.146,5.287,3829.0,187.8,2.143,0.425,-0.164,0.29,SP_Ace_primary_CaT_DP_disagrees,-1.226,0.093,-0.164,0.29,0.076,0.322,SP_Ace,modeled,True,5.0,1.11,consistent,False,False,secondary
116,273.295,-31.962,4048788257453922304,147488604,282378,True,True,15.669,14.4530,15.6750,14.8170,-4.077,0.100,-6.530,0.072,0.222,0.098,73.043,4.463,43.800,good,False,1.281,2.286,1.920,4.206,4492.0,100.0,3.302,0.4,-0.627,0.12,SP_Ace_primary_CaT_DP_disagrees,-1.304,0.005,-0.627,0.102,0.237,0.239,SP_Ace,modeled,True,6.0,0.852,check,True,True,secondary
117,273.329,-32.081,4048785169433442944,147581544,300623,True,True,16.340,15.2820,16.3400,15.5770,-4.730,0.059,-7.832,0.044,0.091,0.051,-185.499,3.632,32.000,good,False,1.223,2.548,2.200,4.748,5365.0,134.5,3.592,0.295,-0.31,0.209,SP_Ace_primary_CaT_DP_disagrees,-0.948,0.009,-0.31,0.209,-0.051,0.303,SP_Ace,modeled,False,5.0,4.86,check,False,False,secondary
118,273.270,-32.106,4048785272512723584,147420338,268820,True,True,14.910,13.6130,15.1840,15.9350,-3.372,0.036,-5.875,0.026,0.161,0.030,-156.591,3.304,53.400,good,False,1.245,2.934,2.305,5.239,4364.0,134.5,2.665,0.235,-0.949,0.094,SP_Ace+CaT_DP_consensus,-1.129,0.004,-0.834,0.052,0.271,0.143,SP_Ace,modeled,False,5.0,4.757,check,True,True,secondary
119,273.260,-32.217,4048775303831423360,147394381,263844,True,True,15.382,14.1250,15.4360,14.5120,-4.726,0.043,-6.116,0.032,0.120,0.035,135.489,3.600,37.000,good,False,1.495,3.159,2.635,5.794,4326.5,100.0,2.381,0.3,-0.61,0.094,SP_Ace+CaT_DP_consensus,-0.749,0.06,-0.522,0.11,0.085,0.229,SP_Ace,modeled,True,6.0,0.193,check,False,False,secondary
120,273.276,-32.140,4048784585317860352,147435894,271827,True,True,16.053,14.8690,15.8140,15.1720,-3.364,0.052,-7.916,0.039,0.176,0.048,138.003,3.314,32.600,good,False,1.032,2.394,1.801,4.195,5277.0,118.5,3.418,0.414,-0.67,0.205,SP_Ace_primary_CaT_DP_disagrees,-1.254,0.058,-0.67,0.205,0.129,0.544,SP_Ace,modeled,True,5.0,0.135,check,True,False,secondary
124,273.323,-32.028,4048787127893431552,147564813,297361,True,True,17.023,15.8730,16.9640,16.1890,-4.405,0.081,-6.756,0.063,-0.005,0.079,13.209,3.999,22.800,good,False,1.343,3.039,2.284,5.322,5089.0,193.0,2.455,0.564,-0.584,0.133,SP_Ace+CaT_DP_consensus,-0.577,0.021,-0.61,0.285,-0.046,0.46,SP_Ace,modeled,True,6.0,0.404,check,False,False,secondary
126,273.201,-32.191,4048778503642720512,147232274,234759,True,True,16.477,15.2210,16.2560,15.5410,-3.681,0.065,-7.743,0.048,0.053,0.058,139.097,3.286,29.200,good,False,1.087,2.549,2.317,4.866,4950.5,157.3,3.27,0.304,-0.403,0.148,SP_Ace_primary_CaT_DP_disagrees,-0.908,0.044,-0.403,0.148,0.058,0.255,SP_Ace,modeled,True,6.0,1.696,check,False,False,secondary
127,273.311,-32.016,4048787883852974720,147532761,291142,True,True,17.270,16.2070,16.9780,16.3650,-4.440,0.191,-6.665,0.147,0.632,0.180,120.752,4.794,16.600,usable,False,0.922,2.021,1.880,3.901,5312.5,333.4,3.066,0.732,-0.485,0.349,SP_Ace_primary_CaT_DP_disagrees,-1.093,0.087,-0.485,0.349,0.028,0.71,SP_Ace,modeled,True,6.0,0.513,check,False,False,secondary
128,273.238,-32.105,4048784928915410048,147334573,253060,True,True,16.009,14.8570,15.9410,15.2080,-3.848,0.054,-7.646,0.041,0.068,0.054,-72.577,4.033,34.700,good,False,0.777,2.149,1.910,4.059,5097.5,130.1,2.29,0.573,-1.0,0.163,SP_Ace_primary_CaT_DP_disagrees,-1.36,0.124,-1.0,0.163,0.227,0.406,SP_Ace,modeled,True,6.0,0.55,check,True,True,secondary
134,273.188,-32.130,4048779740593574272,147195488,228087,True,True,16.521,15.4210,16.6220,15.7890,-4.241,0.118,-7.632,0.094,0.133,0.107,25.051,3.245,17.200,usable,False,1.493,2.742,2.312,5.053,5038.5,164.3,2.683,0.549,-0.738,0.131,SP_Ace+CaT_DP_consensus,-0.765,0.06,-0.655,0.266,0.369,0.449,SP_Ace,modeled,True,5.0,0.501,check,True,True,secondary
135,273.224,-32.102,4048785684829695872,147296905,246380,True,True,16.242,15.1160,16.1250,15.4530,-4.631,0.055,-8.593,0.043,0.064,0.053,-298.188,3.512,17.400,usable,False,1.053,2.680,2.210,4.890,4887.0,221.9,2.797,0.605,-0.943,0.118,SP_Ace+CaT_DP_consensus,-0.956,0.053,-0.923,0.19,0.245,0.629,SP_Ace,modeled,True,5.0,0.222,check,True,True,secondary
136,273.099,-32.219,4048777541570282624,146942027,181982,True,True,16.136,15.1190,16.0790,15.3490,-3.912,0.058,-6.289,0.043,0.045,0.064,38.639,3.364,17.300,usable,False,1.474,2.716,2.218,4.934,4818.0,127.7,3.543,0.485,-0.784,0.094,SP_Ace+CaT_DP_consensus,-0.873,0.055,-0.727,0.113,0.276,0.202,SP_Ace,modeled,True,6.0,0.46,check,True,True,secondary
138,273.271,-32.002,4048788090011550848,147422880,269320,True,True,15.776,14.5400,15.7460,14.8720,-4.999,0.047,-6.095,0.037,0.094,0.041,18.813,3.301,18.100,usable,False,1.481,3.051,2.336,5.387,4403.0,100.0,2.53,0.318,-0.734,0.094,SP_Ace+CaT_DP_consensus,-0.811,0.057,-0.685,0.076,0.222,0.201,SP_Ace,modeled,True,5.0,0.289,check,True,True,secondary
143,273.209,-32.035,4048798191777927040,147255742,238935,True,True,17.393,16.2260,17.1410,16.4710,-4.577,0.125,-7.789,0.095,-0.036,0.128,108.063,3.809,15.100,usable,False,1.182,2.645,1.569,4.215,5573.5,313.8,5.041,1.251,-0.465,0.535,SP_Ace_primary_CaT_DP_disagrees,-0.923,0.02,-0.465,0.535,-0.042,0.793,SP_Ace,failed,False,,,no_SED,False,False,RV_CaT_only
144,273.218,-32.011,4048798397894903424,147280224,243367,True,True,16.834,15.7510,16.8480,16.0360,-4.552,0.093,-6.636,0.070,-0.124,0.092,118.363,3.323,18.800,usable,False,1.041,2.240,2.034,4.274,5266.0,171.6,3.921,0.419,-0.56,0.225,SP_Ace_primary_CaT_DP_disagrees,-1.041,0.056,-0.56,0.225,0.071,0.331,SP_Ace,modeled,True,5.0,0.41,check,False,False,secondary
145,273.237,-32.026,4048786578183085440,147331475,252524,True,True,15.720,14.5520,15.4960,14.7990,-4.364,0.047,-7.244,0.035,0.169,0.047,-33.977,3.343,19.600,usable,True,1.096,2.554,2.064,4.618,4970.5,218.8,3.143,0.566,-0.793,0.134,SP_Ace_primary_CaT_DP_disagrees,-1.16,0.042,-0.793,0.134,0.435,0.221,SP_Ace,modeled,True,5.0,0.419,check,True,True,secondary
147,273.070,-32.195,4048777782088656000,113858103,95430,True,True,16.051,14.8530,15.9850,15.1590,-5.086,0.056,-6.805,0.043,0.060,0.057,14.129,3.206,20.700,good,False,1.053,2.859,2.313,5.171,4384.5,162.1,2.035,0.467,-1.047,0.105,SP_Ace+CaT_DP_consensus,-0.902,0.053,-1.187,0.147,0.312,0.257,SP_Ace,modeled,True,6.0,0.225,consistent,True,True,primary
148,273.190,-32.014,4048798466655960192,147201933,229210,True,True,16.180,15.1260,16.1580,15.4070,-3.943,0.054,-8.096,0.040,0.043,0.053,107.867,3.605,18.700,usable,False,1.001,2.660,2.383,5.043,4866.5,159.3,2.992,0.425,-0.766,0.107,SP_Ace+CaT_DP_consensus,-0.915,0.066,-0.613,0.152,0.128,0.243,SP_Ace,modeled,True,6.0,0.403,check,True,False,secondary
151,273.060,-32.103,4048792281900872704,113830721,91078,True,True,15.895,14.8190,15.7860,15.0480,-3.429,0.049,-6.403,0.038,0.158,0.052,110.038,3.657,21.600,good,False,1.206,3.021,2.521,5.542,4689.0,106.0,2.75,0.356,-0.632,0.094,SP_Ace+CaT_DP_consensus,-0.761,0.014,-0.55,0.097,0.028,0.263,SP_Ace,modeled,True,6.0,0.676,check,False,False,secondary
152,273.015,-32.124,4048790731384132608,113701351,69254,True,True,15.656,14.7390,15.9070,15.0910,-4.143,0.051,-6.417,0.038,0.126,0.049,-158.989,3.211,21.400,good,False,1.155,2.629,1.981,4.610,5148.5,228.0,3.097,0.493,-0.56,0.273,SP_Ace_primary_CaT_DP_disagrees,-1.161,0.027,-0.56,0.273,-0.016,0.345,SP_Ace,modeled,True,5.0,1.432,check,False,False,secondary
153,273.139,-32.080,4048791835224065792,147057316,202560,True,True,16.067,14.9260,16.2190,15.2600,-4.868,0.065,-7.219,0.047,-0.061,0.063,-30.612,4.013,17.500,usable,True,1.475,2.686,2.076,4.762,4436.5,137.6,2.832,0.613,-0.839,0.104,SP_Ace+CaT_DP_consensus,-0.974,0.055,-0.713,0.144,0.18,0.313,SP_Ace,modeled,True,5.0,1.166,check,True,False,secondary
156,273.001,-32.111,4048790941871295104,113660380,62546,True,True,16.000,15.1310,16.1430,15.3940,-3.821,0.067,-7.076,0.051,0.053,0.069,-160.678,3.918,15.400,usable,False,1.064,2.535,2.165,4.700,5003.5,192.1,2.746,0.584,-0.509,0.216,SP_Ace_primary_CaT_DP_disagrees,-1.064,0.05,-0.509,0.216,0.224,0.295,SP_Ace,modeled,True,6.0,0.273,check,True,True,secondary
158,273.300,-31.887,4048800906198465408,147503521,285364,True,True,17.091,16.0610,17.1680,16.3530,-4.218,0.096,-6.782,0.071,-0.121,0.090,21.173,4.202,15.400,usable,False,1.147,4.087,1.970,6.057,4345.5,145.8,2.566,0.623,-0.89,0.122,SP_Ace_primary_CaT_DP_disagrees,-0.321,0.029,-0.89,0.122,0.448,0.306,SP_Ace,modeled,True,5.0,0.389,consistent,True,True,secondary
163,273.220,-31.901,4048801382874157696,147285384,244281,True,True,16.424,15.3970,16.3290,15.6410,-4.920,0.062,-7.100,0.046,0.161,0.060,-207.210,6.116,19.800,usable,False,0.577,1.391,1.686,3.077,4968.5,534.3,3.1,1.218,-0.945,0.512,SP_Ace_primary_CaT_DP_disagrees,-1.642,0.175,-0.945,0.512,0.563,0.312,SP_Ace,modeled,True,5.0,0.386,check,True,True,RV_CaT_only
164,273.099,-31.985,4048799119491376896,146942445,182067,True,True,16.977,15.9140,16.9870,16.1620,-3.978,0.093,-6.440,0.070,0.113,0.087,104.973,6.111,15.300,usable,False,1.174,2.286,2.202,4.488,4873.5,238.6,1.853,1.252,-1.449,0.441,SP_Ace_primary_CaT_DP_disagrees,-0.913,0.022,-1.449,0.441,0.414,0.455,SP_Ace,modeled,True,6.0,0.511,check,False,False,secondary
166,273.002,-31.990,4048796370711215488,113661763,62759,True,True,15.759,14.8270,15.8690,15.0620,-3.392,0.086,-6.831,0.062,0.026,0.084,-133.605,5.277,15.700,usable,False,1.083,3.563,2.239,5.802,4450.5,118.4,2.57,0.431,-0.643,0.094,SP_Ace+CaT_DP_consensus,-0.735,0.045,-0.584,0.11,0.125,0.292,SP_Ace,modeled,True,6.0,1.542,check,True,False,secondary
167,273.165,-31.943,4048799699249976192,147130722,216060,True,True,16.254,15.1510,16.1230,15.4110,-3.784,0.060,-8.808,0.046,0.114,0.055,187.400,8.496,16.500,usable,False,0.533,3.353,2.074,5.427,,,,,-0.841,0.186,CaT_DP_only,-0.841,0.186,,,,,none,failed,False,,,no_SED,False,False,RV_CaT_only
168,272.981,-32.011,4048795954064047104,113604166,53778,True,True,16.315,15.4870,16.4430,15.7130,-4.884,0.060,-7.669,0.045,0.119,0.060,-3.435,3.219,17.100,usable,False,1.513,2.718,2.318,5.036,5038.0,194.8,3.451,0.503,-0.425,0.311,SP_Ace_primary_CaT_DP_disagrees,-0.781,0.065,-0.425,0.311,-0.033,0.506,SP_Ace,modeled,True,5.0,0.411,consistent,False,False,secondary
169,272.912,-32.028,4048795339918711808,113401572,24409,True,True,13.775,12.8330,14.5270,13.4050,-3.341,0.031,-7.697,0.023,0.083,0.026,161.585,3.527,28.900,good,False,1.333,3.494,2.655,6.149,3934.5,100.0,1.976,0.685,-0.952,0.12,SP_Ace+CaT_DP_consensus,-1.015,0.019,-0.841,0.199,0.302,0.265,SP_Ace,modeled,True,6.0,1.339,consistent,True,True,primary
171,272.880,-32.029,4048795266840323072,113309386,13278,True,True,15.727,14.9580,15.9800,15.2040,-3.177,0.055,-6.398,0.042,0.107,0.047,129.526,3.905,19.700,usable,False,1.109,2.806,2.251,5.056,5006.5,142.5,2.678,0.497,-0.255,0.179,SP_Ace_primary_CaT_DP_disagrees,-0.977,0.039,-0.255,0.179,-0.103,0.428,SP_Ace,modeled,True,6.0,0.474,check,False,False,secondary
174,273.130,-31.938,4048802619824636672,147031670,197965,True,True,15.815,14.7560,15.8340,15.0480,-3.275,0.050,-8.822,0.037,0.107,0.046,-103.395,3.951,21.200,good,False,0.747,2.869,2.205,5.074,4894.5,299.3,2.346,0.578,-0.979,0.129,SP_Ace+CaT_DP_consensus,-1.035,0.131,-0.821,0.252,0.292,0.377,SP_Ace,modeled,True,6.0,0.626,check,True,True,secondary
175,272.909,-31.993,4048843821524249600,113391770,23095,True,True,15.596,14.8170,15.8390,15.0770,-3.388,0.047,-7.332,0.036,0.095,0.042,146.571,4.757,21.400,good,False,1.028,2.705,2.115,4.819,4703.0,100.0,2.999,0.305,-0.466,0.12,SP_Ace_primary_CaT_DP_disagrees,-1.11,0.059,-0.466,0.113,0.199,0.196,SP_Ace,modeled,True,5.0,0.385,check,False,False,secondary
176,272.863,-31.997,4048842374041756160,113258326,8026,True,True,13.552,12.6210,14.6230,13.3850,-4.117,0.027,-7.419,0.021,0.034,0.023,-47.521,4.232,23.800,good,True,1.527,3.212,2.754,5.966,3817.0,100.0,1.745,0.388,-0.705,0.12,SP_Ace_primary_CaT_DP_disagrees,-1.107,0.068,-0.705,0.092,0.178,0.351,SP_Ace,modeled,True,5.0,1.783,check,True,False,secondary
177,273.174,-31.823,4048805132446575488,147155798,220883,True,True,16.898,15.8290,16.5910,16.0300,-4.084,0.096,-6.954,0.070,0.213,0.086,-87.623,4.294,20.900,good,False,0.494,3.328,1.858,5.186,,,,,-0.786,0.196,CaT_DP_only,-0.786,0.196,,,,,none,failed,False,,,no_SED,False,False,RV_CaT_only
178,272.901,-31.969,4048843924603640448,113369476,20215,True,True,15.319,14.5100,15.6550,14.8090,-3.354,0.047,-6.635,0.040,0.148,0.047,2.706,3.478,23.200,good,False,1.278,2.703,2.130,4.833,4468.5,142.1,2.416,0.395,-1.059,0.097,SP_Ace+CaT_DP_consensus,-1.124,0.005,-1.013,0.127,0.234,0.28,SP_Ace,modeled,True,6.0,0.749,check,True,True,secondary
183,272.966,-31.924,4048844504345757056,113561108,47034,True,True,15.748,15.0110,16.1780,15.2920,-5.117,0.050,-6.634,0.038,0.143,0.044,-37.561,5.268,15.100,usable,True,1.627,2.948,2.488,5.436,4393.5,113.0,2.555,0.402,-0.719,0.094,SP_Ace+CaT_DP_consensus,-0.747,0.094,-0.7,0.088,0.12,0.297,SP_Ace,modeled,True,6.0,2.049,consistent,True,False,secondary
184,272.851,-31.933,4048844989755989120,113223128,4937,True,True,14.236,13.2780,15.1360,13.9150,-4.731,0.035,-7.671,0.024,0.047,0.028,-15.228,3.808,21.900,good,False,1.592,3.227,2.653,5.880,3829.0,100.0,2.147,0.29,-0.589,0.12,SP_Ace_primary_CaT_DP_disagrees,-0.968,0.085,-0.589,0.109,0.18,0.277,SP_Ace,modeled,True,6.0,0.6,check,True,False,secondary
185,272.993,-31.878,4048850517300089344,113637134,58874,True,True,16.294,15.4000,16.3730,15.6970,-3.144,0.064,-7.670,0.047,0.085,0.055,161.518,3.341,18.500,usable,False,0.818,1.923,1.883,3.806,5656.5,381.1,4.007,1.011,-0.565,0.275,SP_Ace_primary_CaT_DP_disagrees,-1.365,0.113,-0.565,0.275,0.359,0.356,SP_Ace,modeled,False,5.0,2.742,check,True,True,secondary
186,273.105,-31.877,4048803822458832000,146959807,185229,True,True,16.127,15.1860,16.1560,15.4120,-3.913,0.083,-7.944,0.060,0.101,0.075,-92.597,4.623,16.700,usable,False,0.966,2.707,2.135,4.842,4772.0,160.7,1.642,0.499,-0.881,0.101,SP_Ace+CaT_DP_consensus,-0.993,0.075,-0.788,0.136,0.29,0.27,SP_Ace,modeled,True,6.0,0.546,check,True,True,secondary
187,273.055,-31.897,4048803380099982080,113817192,88910,True,True,15.609,14.7070,15.8080,14.9280,-4.702,0.116,-5.870,0.084,0.157,0.101,97.189,3.538,16.100,usable,False,1.402,2.917,2.275,5.191,4796.5,184.7,3.212,0.458,-0.455,0.12,SP_Ace_primary_CaT_DP_disagrees,-0.909,0.036,-0.455,0.108,-0.008,0.342,SP_Ace,modeled,True,6.0,1.562,check,False,False,secondary
193,273.194,-31.842,4048804857568608256,147211260,230960,True,True,16.009,14.8450,16.0580,15.1960,-4.481,0.052,-8.041,0.038,0.116,0.046,-322.611,3.243,16.700,usable,False,1.116,2.523,2.043,4.566,4744.0,171.2,3.046,0.579,-1.026,0.103,SP_Ace+CaT_DP_consensus,-1.115,0.037,-0.948,0.141,0.154,0.364,SP_Ace,modeled,True,6.0,0.16,check,True,False,secondary
195,272.923,-31.843,4048851788610482304,113432882,28664,True,True,15.775,15.0090,16.0550,15.3340,-4.134,0.048,-7.105,0.035,0.119,0.041,-19.153,5.146,17.800,usable,False,1.162,3.286,2.094,5.381,4908.0,169.0,2.912,0.471,-0.735,0.111,SP_Ace+CaT_DP_consensus,-0.844,0.025,-0.605,0.164,0.161,0.407,SP_Ace,modeled,True,6.0,0.282,check,True,False,secondary
196,273.151,-31.869,4048804544097534464,147091635,208738,True,True,14.682,13.5230,14.9620,13.9470,-3.706,0.032,-7.598,0.023,0.102,0.028,-111.215,3.308,21.800,good,False,1.439,3.271,2.677,5.948,4239.5,100.0,2.373,0.333,-0.51,0.12,SP_Ace_primary_CaT_DP_disagrees,-0.861,0.046,-0.51,0.077,0.156,0.214,SP_Ace,modeled,True,5.0,0.724,check,True,False,secondary
197,273.112,-31.794,4048805854001248384,146979491,188620,True,True,16.253,15.0420,16.0160,15.3150,-3.856,0.060,-6.355,0.043,0.111,0.049,23.895,3.393,17.100,usable,False,1.346,2.702,2.001,4.703,4652.0,235.0,1.02,1.17,-1.43,0.32,SP_Ace_primary_CaT_DP_disagrees,-0.968,0.022,-1.43,0.32,0.597,0.927,SP_Ace,modeled,True,6.0,0.287,consistent,False,False,RV_CaT_only
198,272.907,-31.826,4048851861706186368,113387465,22524,True,True,16.174,15.3740,16.3710,15.5880,-3.267,0.053,-6.150,0.040,0.126,0.050,-87.094,5.041,17.000,usable,False,0.950,2.582,1.888,4.470,5007.0,259.4,2.727,0.365,-0.47,0.229,SP_Ace_primary_CaT_DP_disagrees,-1.115,0.079,-0.47,0.229,0.174,0.436,SP_Ace,modeled,True,6.0,0.808,check,False,False,secondary
199,272.866,-31.834,4048848971107320192,113266698,8809,True,True,15.391,14.3860,15.8910,17.7970,-3.242,0.046,-6.444,0.034,0.079,0.041,57.728,3.267,15.100,usable,False,1.590,3.069,2.231,5.300,4517.5,124.6,2.775,0.415,-0.502,0.122,SP_Ace_primary_CaT_DP_disagrees,-0.936,0.084,-0.502,0.122,0.158,0.27,SP_Ace,modeled,False,5.0,4.728,check,True,False,secondary
201,273.067,-31.824,4048851135904078976,113848849,93924,True,True,15.913,14.7610,15.6820,15.0300,-3.329,0.055,-7.815,0.042,0.112,0.047,-28.753,3.962,18.900,usable,True,1.474,2.697,2.017,4.714,5150.5,134.9,2.808,0.461,-0.486,0.179,SP_Ace_primary_CaT_DP_disagrees,-1.013,0.055,-0.486,0.179,0.014,0.478,SP_Ace,modeled,True,6.0,0.231,check,False,False,secondary
203,273.090,-31.807,4048852651979686912,146918585,177750,True,True,16.655,15.4570,16.3230,15.6710,-4.518,0.084,-7.303,0.066,0.176,0.064,101.005,3.905,15.400,usable,False,1.226,2.481,1.995,4.477,5329.0,322.6,2.626,0.836,-0.613,0.611,SP_Ace_primary_CaT_DP_disagrees,-0.974,0.009,-0.613,0.611,0.065,0.267,SP_Ace,modeled,True,5.0,0.072,check,False,False,RV_CaT_only
204,272.862,-31.787,4048855160200785280,120702177,100094,True,True,15.384,14.4350,15.6640,14.7760,-4.306,0.037,-6.320,0.027,0.037,0.035,53.651,3.531,19.600,usable,False,1.409,2.820,2.087,4.908,4496.5,100.0,2.652,0.475,-0.884,0.094,SP_Ace+CaT_DP_consensus,-1.069,0.038,-0.765,0.098,0.348,0.239,SP_Ace,modeled,True,6.0,0.661,consistent,True,True,secondary
206,272.982,-31.793,4048852170943726336,113607455,54315,True,True,15.247,14.0680,15.9320,14.7340,-3.479,0.056,-6.479,0.043,0.125,0.046,113.541,3.943,17.100,usable,False,1.408,2.986,2.584,5.570,3821.5,100.0,2.329,0.385,-0.318,0.12,SP_Ace_primary_CaT_DP_disagrees,-0.888,0.038,-0.318,0.102,0.143,0.289,SP_Ace,modeled,True,5.0,2.38,check,False,False,secondary
208,273.026,-31.779,4048852239663121152,121323363,148845,True,True,15.522,14.3200,15.4620,14.6340,-3.845,0.045,-7.706,0.032,0.126,0.036,175.086,3.811,16.600,usable,False,0.937,3.151,2.179,5.330,4369.0,100.0,2.516,0.364,-0.957,0.094,SP_Ace+CaT_DP_consensus,-0.985,0.083,-0.94,0.081,0.404,0.268,SP_Ace,modeled,True,6.0,0.407,check,True,True,secondary
209,272.964,-31.764,4048852441441123456,121084117,125379,True,True,16.141,15.0410,16.0500,15.2760,-4.394,0.059,-8.560,0.044,0.035,0.051,192.561,5.282,16.600,usable,False,0.745,2.907,2.103,5.010,4874.0,171.1,3.562,0.376,-0.434,0.142,SP_Ace_primary_CaT_DP_disagrees,-0.981,0.132,-0.434,0.142,0.281,0.228,SP_Ace,modeled,True,6.0,0.612,check,False,False,secondary
210,273.053,-31.840,4048851105791461632,113809953,87708,True,True,16.495,15.4710,16.4200,15.6950,-3.374,0.085,-6.114,0.064,0.075,0.069,-77.983,4.968,15.500,usable,False,0.955,2.387,2.311,4.697,4966.0,180.1,2.212,0.565,-0.928,0.115,SP_Ace+CaT_DP_consensus,-0.98,0.078,-0.854,0.179,0.566,0.414,SP_Ace,modeled,True,5.0,0.275,check,True,True,secondary
212,273.033,-31.733,4048854125068410752,121349361,151658,True,True,16.336,15.2750,16.2210,15.5410,-3.821,0.073,-6.830,0.055,0.240,0.055,34.489,3.295,16.400,usable,False,1.229,2.578,2.223,4.801,5107.5,218.0,2.815,1.096,-0.509,0.252,SP_Ace_primary_CaT_DP_disagrees,-0.932,0.008,-0.509,0.252,-0.026,0.414,SP_Ace,modeled,True,5.0,0.231,check,False,False,secondary
213,272.951,-31.711,4048855813076334720,121037526,121440,True,True,16.073,15.0690,16.0340,15.3360,-4.544,0.049,-8.624,0.036,0.147,0.042,-135.188,4.850,16.900,usable,False,0.870,2.641,1.692,4.332,5385.0,283.4,2.246,0.943,-0.7,0.383,SP_Ace_primary_CaT_DP_disagrees,-1.204,0.1,-0.7,0.383,0.091,0.494,SP_Ace,modeled,True,5.0,1.801,check,False,False,secondary
217,272.950,-31.694,4048857355021095680,121032122,120994,True,True,15.965,15.0090,16.0350,15.2520,-4.559,0.051,-6.866,0.038,0.115,0.044,-13.839,3.281,17.700,usable,False,1.297,2.706,1.803,4.509,4938.5,196.9,2.061,0.706,-1.059,0.137,SP_Ace+CaT_DP_consensus,-1.097,0.009,-0.862,0.344,0.0,0.373,SP_Ace,modeled,True,6.0,0.657,check,False,False,secondary
221,272.873,-31.661,4048868693597720704,120742619,101870,True,True,14.979,13.8740,15.1240,14.1940,-4.742,0.037,-7.501,0.026,0.083,0.030,-57.074,3.368,18.900,usable,True,1.542,3.202,2.575,5.777,4190.5,205.7,1.851,0.399,-0.895,0.094,SP_Ace+CaT_DP_consensus,-0.825,0.072,-0.94,0.092,0.351,0.259,SP_Ace,modeled,True,6.0,0.404,check,True,True,secondary
222,273.404,-31.819,4048895189267805056,147788547,341246,True,True,17.136,16.1090,16.5910,16.2960,-3.625,0.175,-6.960,0.134,0.214,0.148,-47.269,6.341,20.900,good,True,0.730,2.196,1.498,3.694,5916.5,375.3,2.607,1.145,-0.61,0.545,SP_Ace_primary_CaT_DP_disagrees,-1.216,0.136,-0.61,0.545,-0.192,0.343,SP_Ace,failed,False,,,no_SED,False,False,RV_CaT_only
223,273.143,-31.687,4048947553614990080,151736970,610990,True,True,16.740,15.4520,16.3820,15.6800,-4.898,0.124,-7.357,0.088,0.138,0.100,-13.909,5.476,17.700,usable,False,1.451,3.070,1.895,4.965,4615.0,359.1,2.6,1.267,-1.571,0.127,SP_Ace_primary_CaT_DP_disagrees,-0.762,0.049,-1.571,0.127,0.192,0.42,SP_Ace,modeled,True,6.0,0.645,check,False,False,secondary
224,272.890,-31.643,4048868732302498048,120808522,104825,True,True,15.995,14.9600,15.9470,15.1900,-3.651,0.050,-7.763,0.037,-0.031,0.044,-8.222,3.289,22.100,good,False,1.631,3.047,2.149,5.196,4758.0,123.5,2.915,0.416,-0.761,0.101,SP_Ace+CaT_DP_consensus,-0.781,0.095,-0.745,0.136,0.095,0.368,SP_Ace,modeled,True,6.0,0.681,consistent,False,False,primary
227,273.003,-31.659,4048857835928027904,121235036,139671,True,True,15.836,14.8810,15.8800,15.1760,-3.429,0.044,-6.137,0.032,0.094,0.038,104.195,4.181,18.400,usable,False,1.231,2.912,1.835,4.747,4693.5,166.0,2.479,0.638,-0.956,0.105,SP_Ace+CaT_DP_consensus,-1.046,0.007,-0.87,0.148,-0.015,0.359,SP_Ace,modeled,True,6.0,0.35,consistent,False,False,secondary
232,273.177,-31.769,4048806335037519744,151869180,627653,True,True,15.948,14.5220,16.0130,18.4300,-4.060,0.057,-7.297,0.043,0.168,0.048,50.209,3.261,18.500,usable,False,1.510,2.868,2.204,5.072,4923.0,149.4,3.11,0.376,-0.791,0.094,SP_Ace+CaT_DP_consensus,-0.929,0.064,-0.703,0.114,0.307,0.268,SP_Ace,modeled,False,5.0,9.836,check,True,True,secondary
233,273.299,-31.731,4048899754804749952,152343665,689224,True,True,16.193,14.9620,15.9740,15.2370,-3.453,0.058,-7.681,0.041,0.059,0.050,107.797,3.422,19.400,usable,False,1.163,2.684,1.867,4.552,5139.0,191.6,2.476,0.613,-0.655,0.266,SP_Ace_primary_CaT_DP_disagrees,-1.065,0.025,-0.655,0.266,-0.024,0.479,SP_Ace,modeled,True,5.0,0.287,check,False,False,secondary
235,273.027,-31.643,4048857973499000704,121325040,149043,True,True,15.877,14.8500,16.0980,15.2040,-4.155,0.045,-6.768,0.032,0.031,0.038,170.505,3.401,17.400,usable,False,0.660,1.879,1.247,3.126,4686.0,244.5,2.738,0.625,-0.941,0.311,SP_Ace_primary_CaT_DP_disagrees,-1.748,0.154,-0.941,0.311,0.081,0.469,SP_Ace,modeled,True,6.0,0.367,check,False,False,secondary
236,273.113,-31.658,4048948373865738624,151621926,596556,True,True,16.499,15.3530,16.4130,15.6380,-5.065,0.108,-6.341,0.079,-0.022,0.087,96.610,3.382,16.400,usable,False,1.242,2.603,2.141,4.744,4871.0,288.8,2.297,0.727,-0.938,0.124,SP_Ace+CaT_DP_consensus,-0.917,0.005,-0.986,0.222,0.459,0.555,SP_Ace,modeled,True,6.0,0.189,check,True,True,secondary
237,273.054,-31.607,4048951917301978496,121430931,160725,True,True,16.167,15.0820,16.2920,15.4210,-3.953,0.124,-6.662,0.086,-0.144,0.115,-35.333,4.099,19.100,usable,True,1.418,2.581,2.216,4.797,4443.0,100.0,2.733,0.721,-1.008,0.094,SP_Ace+CaT_DP_consensus,-0.943,0.04,-1.05,0.107,0.451,0.28,SP_Ace,modeled,True,6.0,0.54,check,True,True,secondary
241,273.003,-31.620,4048858802374482048,121234565,139614,True,True,15.909,14.9350,16.0050,15.2010,-4.818,0.183,-8.326,0.138,0.327,0.163,5.748,3.511,16.300,usable,False,1.620,3.094,2.656,5.751,4701.5,153.4,3.231,0.526,-0.509,0.11,SP_Ace+CaT_DP_consensus,-0.602,0.092,-0.401,0.162,0.173,0.301,SP_Ace,modeled,True,6.0,0.37,consistent,True,False,secondary
242,273.080,-31.582,4048952015961804800,151496847,580904,True,True,14.844,13.6660,15.1000,14.0530,-4.100,0.032,-7.096,0.024,0.102,0.029,136.222,4.256,17.900,usable,False,1.460,3.222,2.814,6.036,4042.5,100.0,1.441,0.47,-0.728,0.094,SP_Ace+CaT_DP_consensus,-0.788,0.051,-0.69,0.118,0.146,0.315,SP_Ace,modeled,True,5.0,1.036,check,True,False,secondary
246,273.231,-31.684,4048900819956721664,152079328,654647,True,True,15.565,14.3010,15.3150,14.5530,-3.700,0.047,-7.948,0.035,0.068,0.039,94.564,3.661,17.900,usable,False,1.699,2.893,2.215,5.107,5322.0,222.4,2.17,0.99,-0.49,0.244,SP_Ace_primary_CaT_DP_disagrees,-0.91,0.112,-0.49,0.244,0.0,0.416,SP_Ace,modeled,True,5.0,0.393,check,False,False,secondary
253,273.055,-31.469,4048965558065241344,121438540,161581,True,True,16.363,15.3250,16.2460,15.5300,-4.036,0.058,-7.333,0.041,0.062,0.049,-67.848,3.614,15.200,usable,False,1.008,2.677,2.194,4.870,4742.5,162.8,2.909,0.566,-0.804,0.114,SP_Ace+CaT_DP_consensus,-0.933,0.065,-0.625,0.177,0.149,0.365,SP_Ace,modeled,True,6.0,0.54,consistent,True,False,secondary
256,273.299,-31.834,4048895601680630528,147499830,284594,True,True,16.008,14.9550,15.9460,15.1930,-4.152,0.050,-6.334,0.036,0.111,0.047,251.755,3.240,15.100,usable,False,1.280,2.758,2.311,5.069,4980.0,280.0,3.203,0.383,-0.425,0.243,SP_Ace_primary_CaT_DP_disagrees,-0.889,0.005,-0.425,0.243,0.105,0.355,SP_Ace,modeled,True,5.0,0.402,check,False,False,secondary
258,273.219,-31.586,4048950504133308544,152034719,648979,True,True,15.950,14.7970,15.7910,15.0340,-4.630,0.055,-5.929,0.039,0.115,0.042,-58.735,3.624,15.500,usable,True,1.411,2.835,2.190,5.025,4617.5,134.2,2.654,0.525,-0.504,0.131,SP_Ace_primary_CaT_DP_disagrees,-0.899,0.039,-0.504,0.131,0.056,0.481,SP_Ace,modeled,True,5.0,0.498,check,False,False,secondary
261,273.168,-31.516,4048953974548881664,151835905,623521,True,True,16.708,15.4060,16.4910,18.3700,-4.819,0.070,-6.766,0.051,0.153,0.058,-43.488,4.068,15.000,usable,True,1.169,2.656,2.063,4.718,4695.0,185.8,2.131,0.618,-0.977,0.113,SP_Ace+CaT_DP_consensus,-0.921,0.023,-1.049,0.171,0.432,0.407,SP_Ace,modeled,True,5.0,0.378,check,True,True,secondary
263,273.165,-31.555,4048953768362722176,151822804,621940,True,True,15.388,14.1840,15.4910,14.5220,-4.343,0.042,-5.945,0.028,0.040,0.034,-73.875,3.449,20.200,good,False,1.149,3.169,2.536,5.705,4403.0,100.0,2.59,0.376,-0.73,0.094,SP_Ace+CaT_DP_consensus,-0.834,0.028,-0.664,0.11,0.152,0.27,SP_Ace,modeled,True,6.0,0.473,check,True,False,secondary
267,273.223,-31.574,4048950607249624704,152047845,650645,True,True,16.238,15.1310,16.1060,15.3590,-4.846,0.061,-6.029,0.044,0.132,0.047,160.747,4.534,18.900,usable,False,0.962,2.617,2.468,5.084,4593.5,142.8,3.119,0.343,-0.763,0.113,SP_Ace+CaT_DP_consensus,-0.889,0.076,-0.602,0.171,0.158,0.668,SP_Ace,modeled,True,6.0,0.666,consistent,True,False,secondary
268,273.162,-31.491,4048954288061927552,151813010,620696,True,True,14.805,13.6280,14.9280,13.9580,-4.479,0.034,-7.821,0.024,0.109,0.028,73.976,3.319,20.600,good,False,1.465,3.105,2.400,5.506,4178.0,100.0,2.122,0.302,-0.961,0.094,SP_Ace+CaT_DP_consensus,-0.979,0.052,-0.95,0.067,0.313,0.185,SP_Ace,modeled,True,6.0,0.636,consistent,True,True,primary
270,273.191,-31.431,4048955593794341120,151924247,634743,True,True,16.025,14.9250,15.9370,15.1930,-3.452,0.097,-6.694,0.073,-0.099,0.097,58.775,5.034,17.200,usable,False,1.628,3.501,2.392,5.893,4595.5,103.2,2.667,0.394,-0.616,0.094,SP_Ace+CaT_DP_consensus,-0.541,0.094,-0.664,0.105,0.183,0.292,SP_Ace,modeled,True,6.0,0.296,check,True,False,secondary
273,273.143,-31.564,4048952290839738368,151740025,611376,True,True,15.342,14.0860,15.3080,14.4140,-3.328,0.043,-7.769,0.032,0.068,0.035,-17.743,3.248,19.400,usable,False,1.441,2.963,2.286,5.249,4455.5,100.0,2.979,0.606,-1.123,0.094,SP_Ace+CaT_DP_consensus,-0.96,0.046,-1.228,0.113,0.419,0.236,SP_Ace,modeled,True,5.0,0.271,consistent,False,False,secondary
274,273.273,-31.656,4048902366144992128,152244836,676048,True,True,15.472,14.1990,15.4130,14.5270,-4.016,0.044,-6.600,0.032,0.090,0.037,87.627,3.293,20.400,good,False,1.413,2.817,2.310,5.127,4302.0,156.5,2.666,0.354,-1.133,0.094,SP_Ace+CaT_DP_consensus,-0.982,0.039,-1.23,0.069,0.372,0.211,SP_Ace,modeled,True,5.0,0.289,consistent,False,False,primary
275,273.203,-31.415,4048961464890278016,151972533,640915,True,True,15.838,14.7930,15.7930,15.0150,-4.665,0.046,-6.801,0.033,0.083,0.044,-35.203,3.862,15.900,usable,True,1.479,3.003,2.404,5.408,4639.0,116.4,2.719,0.448,-0.604,0.094,SP_Ace+CaT_DP_consensus,-0.767,0.056,-0.5,0.097,0.103,0.34,SP_Ace,modeled,True,6.0,0.509,consistent,True,False,secondary
282,273.274,-31.534,4048951156968423680,152249350,676622,True,True,16.915,15.8480,16.6270,16.0370,-4.155,0.086,-7.151,0.063,0.181,0.076,144.355,4.073,15.300,usable,False,0.726,1.815,2.000,3.814,5641.0,417.5,3.455,1.243,-0.74,0.12,SP_Ace_primary_CaT_DP_disagrees,-1.239,0.137,-0.74,0.0,-0.067,0.335,SP_Ace,modeled,True,5.0,0.338,check,False,False,secondary
287,273.365,-31.726,4048898071177572608,152600011,723139,True,True,16.088,14.6850,15.8040,14.9720,-3.175,0.058,-6.791,0.040,0.108,0.051,146.537,3.512,15.000,usable,False,1.317,2.773,2.237,5.010,5083.0,193.3,2.68,0.666,-0.722,0.102,SP_Ace+CaT_DP_consensus,-0.901,0.015,-0.567,0.14,0.213,0.277,SP_Ace,modeled,True,5.0,0.21,check,True,True,secondary
289,273.354,-31.514,4048956177911844352,152557908,717566,True,True,15.946,14.7910,15.8900,15.0740,-4.207,0.112,-6.652,0.083,0.241,0.096,198.604,4.176,16.700,usable,False,1.030,2.488,2.251,4.739,4970.5,181.7,3.306,0.503,-0.549,0.168,SP_Ace_primary_CaT_DP_disagrees,-1.083,0.059,-0.549,0.168,0.202,0.31,SP_Ace,modeled,True,5.0,0.718,check,True,True,secondary
292,273.363,-31.386,4048959643824239360,152589576,721782,True,True,16.061,15.1410,16.0790,15.3540,-4.118,0.060,-6.248,0.043,-0.014,0.054,-57.372,3.515,19.100,usable,True,1.476,3.143,2.488,5.631,4719.0,179.4,3.122,0.614,-0.745,0.096,SP_Ace+CaT_DP_consensus,-0.631,0.055,-0.823,0.124,0.242,0.27,SP_Ace,modeled,True,5.0,0.514,check,True,True,secondary
294,273.374,-31.426,4048957788398220672,152632186,727251,True,True,16.129,15.0770,16.0890,15.3290,-4.759,0.056,-7.765,0.040,0.062,0.048,21.070,3.817,16.400,usable,False,1.544,2.993,2.491,5.484,4756.0,149.9,2.47,0.434,-0.567,0.1,SP_Ace+CaT_DP_consensus,-0.668,0.073,-0.486,0.135,-0.003,0.374,SP_Ace,modeled,True,5.0,0.289,check,False,False,secondary
296,273.391,-31.384,4048959476447050368,152695797,735361,True,True,16.135,15.2830,16.1980,15.5050,-4.511,0.058,-8.630,0.042,0.015,0.054,101.553,3.263,18.200,usable,False,1.471,2.880,2.259,5.139,4925.5,136.7,3.212,0.493,-0.708,0.094,SP_Ace+CaT_DP_consensus,-0.791,0.054,-0.655,0.12,0.265,0.293,SP_Ace,modeled,True,6.0,0.7,consistent,True,True,secondary
304,273.510,-31.634,4048904913171783808,153141451,787992,True,True,16.938,15.5640,16.5680,15.8420,-3.758,0.109,-7.204,0.081,0.493,0.101,46.701,3.307,15.400,usable,False,0.890,2.102,1.784,3.886,5260.5,256.1,2.982,0.783,-1.151,0.138,SP_Ace+CaT_DP_consensus,-1.201,0.095,-0.864,0.358,0.1,0.527,SP_Ace,modeled,True,5.0,0.835,check,False,False,secondary
305,273.445,-31.403,4048958990989143296,152900096,760218,True,True,15.736,14.7070,15.8640,15.0300,-3.703,0.051,-6.385,0.036,0.057,0.046,65.068,3.364,19.600,usable,False,1.314,2.787,2.425,5.212,4312.0,204.2,2.143,0.675,-1.027,0.094,SP_Ace+CaT_DP_consensus,-0.899,0.014,-1.108,0.098,0.413,0.38,SP_Ace,modeled,True,6.0,0.372,check,True,True,secondary
306,273.460,-31.477,4048911196637094144,152955160,766583,True,True,16.302,15.1160,16.0500,15.3430,-3.166,0.065,-7.804,0.053,0.240,0.070,43.746,4.495,19.200,usable,False,1.223,2.274,2.244,4.518,4855.5,231.9,2.606,0.621,-0.673,0.162,SP_Ace_primary_CaT_DP_disagrees,-1.038,0.009,-0.673,0.162,0.13,0.436,SP_Ace,modeled,True,6.0,0.194,check,True,False,secondary
308,273.495,-31.631,4048904530835305984,153084840,781633,True,True,15.833,14.4130,15.4070,14.6780,-4.724,0.049,-7.519,0.037,0.075,0.047,-93.836,3.816,19.500,usable,False,1.396,2.614,2.103,4.717,5038.5,193.0,2.231,0.846,-1.049,0.131,SP_Ace+CaT_DP_consensus,-1.054,0.035,-1.034,0.268,-0.014,0.46,SP_Ace,modeled,True,6.0,0.233,check,False,False,secondary
310,273.474,-31.686,4048904290290280192,153006514,772738,True,True,16.085,14.7560,15.8120,14.9960,-5.084,0.056,-7.496,0.042,0.045,0.050,-34.250,3.460,15.400,usable,True,1.409,3.121,2.311,5.432,4602.0,109.6,2.372,0.549,-0.69,0.094,SP_Ace+CaT_DP_consensus,-0.732,0.038,-0.664,0.119,0.277,0.279,SP_Ace,modeled,True,6.0,0.339,consistent,True,True,secondary
312,273.419,-31.830,4048895120545675904,147829388,349587,True,True,16.988,15.9870,16.4330,16.2230,-4.572,0.216,-6.443,0.159,-0.589,0.308,-48.298,3.244,26.400,good,True,0.988,2.423,1.791,4.214,5094.5,208.9,2.234,0.638,-1.028,0.132,SP_Ace+CaT_DP_consensus,-1.002,0.07,-1.12,0.277,0.1,0.893,SP_Ace,modeled,False,5.0,7.896,check,True,False,RV_CaT_only
313,273.463,-31.537,4048908619617795328,152969502,768316,True,True,16.727,15.4700,16.4590,15.7070,-4.531,0.077,-7.384,0.058,0.211,0.077,-81.726,4.415,16.700,usable,False,1.339,2.802,2.304,5.106,4831.0,194.0,1.881,0.687,-0.777,0.113,SP_Ace+CaT_DP_consensus,-0.718,0.02,-0.855,0.172,0.192,0.314,SP_Ace,modeled,True,6.0,0.398,check,True,False,secondary
315,273.545,-31.406,4048935145339170048,153271684,803044,True,True,16.467,15.4830,16.4000,15.7490,-4.419,0.074,-6.885,0.063,0.109,0.091,137.546,3.216,16.600,usable,False,1.166,2.355,2.369,4.724,5300.0,188.8,3.949,0.56,-0.199,0.23,SP_Ace_primary_CaT_DP_disagrees,-0.931,0.024,-0.199,0.23,0.001,0.591,SP_Ace,modeled,True,6.0,0.388,check,False,False,secondary
317,273.436,-31.671,4048898689652955904,152869139,756472,True,True,16.572,15.3410,16.3450,15.6220,-5.108,0.105,-6.747,0.078,-0.200,0.103,132.701,3.273,16.300,usable,False,0.873,2.175,1.870,4.045,5019.0,160.9,2.876,0.65,-0.86,0.281,SP_Ace_primary_CaT_DP_disagrees,-1.216,0.099,-0.86,0.281,0.046,0.413,SP_Ace,modeled,True,6.0,0.783,check,False,False,secondary
319,273.520,-31.533,4048909895334107776,153178658,792270,True,True,17.022,15.9540,16.7440,16.2250,-4.856,0.177,-7.344,0.138,-0.311,0.194,65.721,4.005,15.600,usable,False,0.422,2.214,1.583,3.796,5039.0,448.5,3.205,0.833,-1.24,0.18,SP_Ace+CaT_DP_consensus,-1.272,0.215,-1.164,0.332,0.298,0.347,SP_Ace,modeled,True,5.0,0.21,check,False,False,secondary
321,273.590,-31.392,4048935248415293056,153439845,821446,True,True,15.568,14.6700,15.8420,15.0090,-3.871,0.096,-8.761,0.074,-0.385,0.105,-41.307,3.697,18.900,usable,True,1.524,2.958,2.447,5.405,4359.5,100.0,2.214,0.38,-0.888,0.094,SP_Ace+CaT_DP_consensus,-0.83,0.068,-0.925,0.096,0.317,0.224,SP_Ace,modeled,True,6.0,0.255,check,True,True,secondary
322,273.554,-31.618,4048904255969822848,153306125,806809,True,True,15.210,13.8760,15.3700,14.3380,-3.558,0.038,-7.451,0.028,0.169,0.038,101.733,3.362,18.600,usable,False,1.594,3.125,2.677,5.801,4028.0,165.3,2.245,0.292,-0.864,0.094,SP_Ace+CaT_DP_consensus,-0.784,0.085,-0.915,0.057,0.385,0.174,SP_Ace,modeled,True,5.0,0.32,check,True,True,secondary
323,273.532,-31.533,4048909925287568384,153225994,797780,True,True,15.926,14.8290,15.7560,15.0570,-4.366,0.052,-6.356,0.039,0.146,0.061,-114.666,3.993,18.100,usable,False,1.088,3.017,2.028,5.045,5111.5,133.9,3.713,0.382,-0.777,0.096,SP_Ace+CaT_DP_consensus,-0.954,0.044,-0.654,0.125,0.227,0.317,SP_Ace,modeled,True,5.0,0.167,check,True,True,secondary
324,273.400,-31.685,4048898620933456768,152731962,739952,True,True,16.089,14.9140,15.8380,15.1460,-4.057,0.057,-6.996,0.043,0.052,0.050,40.284,3.486,18.700,usable,False,1.221,2.382,1.787,4.168,4955.0,177.6,3.105,0.705,-0.795,0.252,SP_Ace_primary_CaT_DP_disagrees,-1.211,0.01,-0.795,0.252,0.341,0.255,SP_Ace,modeled,True,5.0,0.227,consistent,True,True,secondary
328,273.659,-31.399,4048934561220493568,153688075,847132,True,True,14.780,13.9090,15.1080,14.2600,-3.579,0.036,-6.992,0.027,0.037,0.036,110.532,3.339,22.400,good,False,1.543,3.098,2.585,5.683,4245.0,100.0,2.03,0.601,-0.886,0.101,SP_Ace+CaT_DP_consensus,-0.898,0.072,-0.877,0.137,0.31,0.193,SP_Ace,modeled,True,6.0,0.703,consistent,True,True,primary
330,273.634,-31.507,4048907283993769728,153602722,838744,True,True,14.354,13.3960,14.7650,13.7380,-3.319,0.034,-7.044,0.023,0.066,0.037,-37.732,3.775,20.900,good,True,1.767,3.645,3.347,6.992,4050.0,154.8,2.002,0.311,-0.59,0.1,SP_Ace+CaT_DP_consensus,-0.487,0.13,-0.673,0.135,0.261,0.27,SP_Ace,modeled,True,6.0,0.397,consistent,True,True,primary
334,273.690,-31.432,4048931537565141888,153803242,857984,True,True,15.911,14.8040,16.2330,19.1290,-3.439,0.059,-6.630,0.040,-0.013,0.057,16.019,3.277,22.300,good,False,1.156,2.707,1.916,4.623,4791.5,111.3,3.144,0.332,-0.69,0.134,SP_Ace_primary_CaT_DP_disagrees,-1.152,0.027,-0.69,0.134,0.257,0.212,SP_Ace,modeled,False,4.0,14.262,check,True,True,secondary
337,273.654,-31.541,4048906386236424704,153671655,845510,True,True,15.749,14.7920,15.7290,15.0070,-4.672,0.067,-6.197,0.052,0.117,0.075,-77.732,3.926,15.500,usable,False,1.563,3.104,2.607,5.711,4566.0,100.0,2.92,0.359,-0.526,0.094,SP_Ace+CaT_DP_consensus,-0.66,0.078,-0.44,0.08,0.194,0.249,SP_Ace,modeled,True,5.0,0.182,check,True,False,secondary
338,273.541,-31.649,4048904049775487360,153258450,801519,True,True,16.673,15.3930,16.3400,15.5800,-3.633,0.071,-8.224,0.052,0.056,0.069,126.504,3.651,17.100,usable,False,1.248,2.879,2.764,5.643,4495.5,119.0,2.545,0.414,-0.69,0.094,SP_Ace+CaT_DP_consensus,-0.535,0.003,-0.79,0.107,0.187,0.292,SP_Ace,modeled,True,6.0,0.552,consistent,True,False,secondary
341,273.727,-31.492,4048930197535234816,153933276,870013,True,True,16.351,15.2690,16.7520,19.9810,-3.883,0.076,-5.995,0.057,0.028,0.089,-141.118,3.637,15.500,usable,False,0.858,2.414,2.930,5.343,5658.5,402.5,3.089,1.148,-0.427,0.377,SP_Ace_primary_CaT_DP_disagrees,-0.851,0.103,-0.427,0.377,0.308,0.718,SP_Ace,modeled,False,4.0,424.795,check,False,False,secondary
345,273.558,-31.718,4048891508467880448,153321478,808474,True,True,16.411,14.9640,16.2240,15.3400,-3.940,0.062,-7.292,0.045,-0.045,0.066,-50.018,3.239,17.900,usable,True,1.003,2.752,2.047,4.798,4741.5,174.8,2.043,0.648,-1.019,0.126,SP_Ace+CaT_DP_consensus,-0.975,0.066,-1.127,0.233,0.202,0.658,SP_Ace,modeled,True,6.0,0.055,check,True,True,secondary
346,273.825,-31.484,4048919786536166784,154277246,896316,True,True,16.123,15.3090,16.2310,15.5720,-3.816,0.059,-6.480,0.044,0.087,0.067,124.634,4.176,16.400,usable,False,1.859,2.787,2.413,5.200,5003.5,210.3,2.915,1.236,-0.698,0.13,SP_Ace+CaT_DP_consensus,-0.702,0.153,-0.69,0.242,0.031,0.402,SP_Ace,modeled,True,5.0,0.136,check,False,False,secondary
347,273.620,-31.618,4048905531646843648,153551273,833416,True,True,16.766,15.6580,16.6450,15.9380,-3.751,0.083,-7.267,0.062,0.098,0.093,-10.946,3.578,16.900,usable,False,1.053,2.570,1.961,4.531,5506.5,310.3,2.968,0.806,-0.464,0.406,SP_Ace_primary_CaT_DP_disagrees,-0.966,0.053,-0.464,0.406,0.127,0.581,SP_Ace,modeled,True,5.0,0.628,check,False,False,secondary
353,273.520,-31.729,4048903195089091968,153179720,792399,True,True,17.086,15.7820,16.8040,16.0730,-3.825,0.330,-7.896,0.224,0.240,0.125,98.988,3.912,19.600,usable,False,1.279,3.988,2.376,6.363,5006.0,336.6,3.638,1.047,-1.275,0.212,SP_Ace_primary_CaT_DP_disagrees,-0.192,0.005,-1.275,0.212,-0.016,0.259,SP_Ace,modeled,True,6.0,0.311,check,False,False,secondary
356,273.693,-31.531,4048929682139063296,153813739,858969,True,True,16.179,15.2980,16.2030,15.5020,-4.262,0.063,-6.267,0.052,0.330,0.086,102.722,3.962,15.700,usable,False,1.129,2.733,2.317,5.050,5208.5,303.9,2.897,0.863,-0.857,0.141,SP_Ace+CaT_DP_consensus,-0.879,0.034,-0.69,0.411,0.145,0.621,SP_Ace,modeled,True,5.0,0.218,check,True,False,secondary
359,273.610,-31.637,4048905389803799936,153513439,829507,True,True,15.549,14.4500,15.6200,14.7860,-3.665,0.047,-6.597,0.034,0.049,0.046,83.005,3.416,21.300,good,False,1.363,2.805,2.273,5.078,4516.5,142.1,2.361,0.376,-1.038,0.094,SP_Ace+CaT_DP_consensus,-0.988,0.026,-1.07,0.085,0.214,0.219,SP_Ace,modeled,True,6.0,0.487,check,True,True,secondary
360,273.568,-31.755,4048891134913428352,153357899,812180,True,True,16.830,15.3530,16.3300,15.6760,-4.346,0.078,-6.452,0.062,0.118,0.073,110.752,3.224,18.300,usable,False,0.721,2.124,1.782,3.906,5766.0,299.0,3.886,1.153,-0.835,0.34,SP_Ace_primary_CaT_DP_disagrees,-1.253,0.138,-0.835,0.34,0.185,0.22,SP_Ace,modeled,True,5.0,1.987,check,True,False,secondary
362,273.801,-31.578,4048917213960180224,154193977,890467,True,True,15.711,14.6620,15.7320,14.9500,-5.089,0.052,-6.348,0.040,-0.004,0.052,-98.755,3.436,18.200,usable,False,1.359,2.982,2.340,5.322,4449.0,100.0,2.616,0.402,-0.846,0.094,SP_Ace+CaT_DP_consensus,-0.859,0.025,-0.837,0.115,0.178,0.259,SP_Ace,modeled,True,6.0,0.128,consistent,True,False,secondary
364,273.844,-31.600,4048914014098192000,154339271,900727,True,True,16.100,15.2200,16.1590,15.4450,-4.248,0.059,-6.011,0.043,0.162,0.059,-126.009,4.835,15.900,usable,False,1.311,2.902,2.483,5.385,4810.5,209.5,3.676,0.366,-0.585,0.105,SP_Ace+CaT_DP_consensus,-0.743,0.013,-0.436,0.146,0.221,0.29,SP_Ace,modeled,True,5.0,0.295,check,True,True,secondary
365,273.492,-31.727,4048897383986052224,153076241,780679,True,True,16.083,14.7860,15.8110,15.1200,-5.009,0.054,-7.130,0.040,0.031,0.050,-92.334,3.218,17.400,usable,False,1.330,3.009,2.370,5.379,4951.5,130.1,1.933,0.455,-0.796,0.103,SP_Ace+CaT_DP_consensus,-0.767,0.018,-0.823,0.143,0.3,0.279,SP_Ace,modeled,True,6.0,0.441,check,True,True,secondary
366,273.897,-31.583,4048915358534088704,154520227,912464,True,True,16.096,15.3290,16.2800,15.5740,-5.087,0.082,-7.056,0.059,-0.158,0.077,45.286,3.308,19.400,usable,False,1.237,2.517,2.119,4.637,4896.5,161.1,2.599,0.601,-0.916,0.094,SP_Ace+CaT_DP_consensus,-1.028,0.006,-0.844,0.102,0.456,0.246,SP_Ace,modeled,True,6.0,0.486,check,True,True,secondary
367,273.663,-31.736,4048890752555112576,153703774,848611,True,True,16.626,15.1740,16.3340,15.5650,-3.345,0.096,-5.919,0.070,0.025,0.084,68.657,3.707,17.200,usable,False,1.246,2.678,2.403,5.081,5061.5,317.9,2.678,0.612,-0.753,0.135,SP_Ace+CaT_DP_consensus,-0.781,0.004,-0.628,0.314,0.055,0.384,SP_Ace,modeled,True,5.0,0.294,check,False,False,secondary
369,273.669,-31.705,4048892474943131648,153727365,850847,True,True,16.842,15.5390,16.4600,15.8180,-3.370,0.083,-6.655,0.062,0.108,0.077,15.559,5.003,16.400,usable,False,1.256,2.624,2.645,5.269,5336.0,100.0,2.96,0.2,-0.606,0.094,SP_Ace+CaT_DP_consensus,-0.647,0.001,-0.58,0.0,0.0,0.1,SP_Ace,modeled,True,5.0,0.141,check,False,False,secondary
370,273.820,-31.619,4048913606187521024,154259488,895065,True,True,15.337,14.3620,15.4730,14.6650,-4.919,0.041,-8.089,0.032,0.112,0.039,40.886,3.249,20.400,good,False,1.471,3.028,2.449,5.477,4791.5,219.7,1.32,0.951,-0.865,0.134,SP_Ace+CaT_DP_consensus,-0.862,0.054,-0.878,0.297,0.308,0.607,SP_Ace,modeled,True,6.0,0.254,consistent,True,True,secondary
371,273.509,-31.753,4048885564236057472,153140206,787841,True,True,15.193,13.8170,15.1300,14.2280,-4.992,0.035,-7.356,0.026,0.090,0.035,52.026,3.914,22.300,good,False,1.516,2.773,2.556,5.329,4155.0,100.4,2.32,0.365,-0.907,0.094,SP_Ace+CaT_DP_consensus,-0.965,0.066,-0.87,0.053,0.261,0.158,SP_Ace,modeled,True,6.0,0.061,consistent,True,True,primary
372,273.631,-31.730,4048890924353811584,153589205,837411,True,True,15.893,14.5150,15.4220,14.8030,-4.338,0.050,-7.070,0.038,0.127,0.048,116.175,3.516,20.100,good,False,0.997,2.359,2.090,4.449,5491.5,167.0,4.981,0.597,-0.6,0.12,SP_Ace_primary_CaT_DP_disagrees,-1.208,0.067,-0.6,0.0,-0.222,0.134,SP_Ace,failed,False,,,no_SED,False,False,primary
373,273.819,-31.669,4048913155104608384,154255786,894796,True,True,16.306,15.2630,16.1680,15.4990,-3.945,0.070,-8.047,0.051,0.175,0.063,144.997,3.682,15.400,usable,False,1.262,2.843,2.399,5.242,4861.0,236.6,3.164,0.49,-0.686,0.115,SP_Ace+CaT_DP_consensus,-0.76,0.001,-0.579,0.18,0.273,0.353,SP_Ace,modeled,True,6.0,0.175,check,True,True,secondary
375,273.897,-31.660,4048912811507236352,154519894,912441,True,True,15.785,14.9140,15.9980,15.1990,-3.485,0.055,-7.334,0.039,0.068,0.050,10.387,3.389,16.000,usable,False,1.632,3.261,2.683,5.944,4396.0,196.0,2.413,0.554,-0.625,0.094,SP_Ace+CaT_DP_consensus,-0.556,0.095,-0.67,0.092,0.144,0.249,SP_Ace,modeled,True,6.0,0.143,check,True,False,secondary
376,273.759,-31.645,4048892990339159936,154043499,878645,True,True,15.367,14.1730,15.3030,14.4520,-3.352,0.040,-5.886,0.033,0.137,0.049,-50.691,3.391,17.500,usable,True,1.519,3.246,2.651,5.897,4360.0,100.0,2.531,0.375,-0.673,0.094,SP_Ace+CaT_DP_consensus,-0.702,0.066,-0.655,0.083,0.253,0.225,SP_Ace,modeled,True,5.0,0.158,check,True,True,secondary
377,273.766,-31.718,4048889520005403008,154070068,880843,True,True,15.434,14.0760,15.5550,14.5650,-4.288,0.043,-5.946,0.031,0.163,0.039,-107.932,3.535,18.400,usable,False,1.391,3.095,2.587,5.682,4196.0,100.0,2.006,0.36,-0.844,0.094,SP_Ace+CaT_DP_consensus,-0.811,0.034,-0.865,0.067,0.207,0.236,SP_Ace,modeled,True,5.0,1.122,check,True,True,secondary
382,273.743,-31.734,4048889107688551552,153989799,874499,True,True,16.511,15.1610,16.3120,15.5300,-4.477,0.067,-8.010,0.049,0.158,0.058,152.012,3.595,15.500,usable,False,1.126,3.034,2.403,5.438,4865.5,147.1,3.032,0.557,-0.537,0.098,SP_Ace+CaT_DP_consensus,-0.701,0.034,-0.415,0.13,0.005,0.283,SP_Ace,modeled,True,5.0,0.147,check,False,False,secondary
383,273.738,-31.753,4048889004609303936,153972214,873236,True,True,16.954,15.6760,16.5840,15.9260,-4.393,0.087,-7.477,0.062,0.227,0.074,128.413,3.404,15.200,usable,False,0.703,2.314,2.569,4.883,6050.0,424.0,3.899,1.056,-0.831,0.138,SP_Ace+CaT_DP_consensus,-0.859,0.143,-0.676,0.358,0.294,0.507,SP_Ace,modeled,False,5.0,6.371,check,True,True,secondary
386,273.535,-31.774,4048885293756518528,153236009,798931,True,True,16.878,15.5340,16.5360,15.8340,-4.095,0.076,-7.366,0.057,-0.027,0.070,-50.760,3.895,15.600,usable,True,1.088,2.834,1.642,4.476,5417.0,356.9,2.85,0.824,-0.954,0.143,SP_Ace+CaT_DP_consensus,-0.963,0.044,-0.865,0.485,0.073,0.698,SP_Ace,modeled,True,5.0,0.278,check,False,False,RV_CaT_only
388,273.977,-31.741,4045908945764712192,154779602,924372,True,True,15.145,14.2380,15.5000,14.5780,-3.761,0.040,-6.546,0.034,0.064,0.054,15.409,3.564,18.700,usable,False,2.073,3.574,2.788,6.362,4261.0,164.7,2.036,1.364,-0.54,0.171,SP_Ace+CaT_DP_consensus,-0.478,0.208,-0.668,0.3,0.145,0.258,SP_Ace,modeled,True,5.0,0.606,consistent,True,False,secondary
393,273.893,-31.811,4045884859558180992,149061198,560354,True,True,15.823,14.5980,15.7980,14.9650,-3.433,0.050,-6.658,0.036,0.116,0.051,-110.504,3.490,18.300,usable,False,1.298,2.944,2.383,5.326,4946.0,326.1,2.856,0.456,-0.793,0.125,SP_Ace+CaT_DP_consensus,-0.852,0.01,-0.657,0.226,0.301,0.305,SP_Ace,modeled,True,5.0,0.53,check,True,True,secondary
394,273.924,-31.774,4045908464698555264,154608168,917468,True,True,15.764,14.6110,15.7790,14.9500,-5.012,0.051,-8.294,0.039,0.137,0.055,-57.079,3.382,17.500,usable,True,1.491,3.055,2.485,5.540,4795.0,103.0,3.163,0.341,-0.626,0.094,SP_Ace+CaT_DP_consensus,-0.753,0.059,-0.545,0.103,0.129,0.265,SP_Ace,modeled,True,5.0,0.577,check,True,False,secondary
